This is pdfTeX, Version 3.141592653-2.6-1.40.25 (TeX Live 2023/Debian) (preloaded format=pdflatex 2026.7.31)  31 JUL 2026 11:41
entering extended mode
 restricted \write18 enabled.
 %&-line parsing enabled.
**main.tex
(./main.tex
LaTeX2e <2023-11-01> patch level 1
L3 programming layer <2024-01-22>
(/usr/share/texlive/texmf-dist/tex/latex/base/article.cls
Document Class: article 2023/05/17 v1.4n Standard LaTeX document class
(/usr/share/texlive/texmf-dist/tex/latex/base/size10.clo
File: size10.clo 2023/05/17 v1.4n Standard LaTeX file (size option)
)
\c@part=\count187
\c@section=\count188
\c@subsection=\count189
\c@subsubsection=\count190
\c@paragraph=\count191
\c@subparagraph=\count192
\c@figure=\count193
\c@table=\count194
\abovecaptionskip=\skip48
\belowcaptionskip=\skip49
\bibindent=\dimen140
)
(/usr/share/texlive/texmf-dist/tex/latex/vntex/vntex.sty
Package: vntex 2009/07/12 v1.1 support for Vietnamese

(/usr/share/texlive/texmf-dist/tex/latex/base/ifthen.sty
Package: ifthen 2022/04/13 v1.1d Standard LaTeX ifthen package (DPC)
)
(/usr/share/texlive/texmf-dist/tex/latex/base/fontenc.sty
Package: fontenc 2021/04/29 v2.0v Standard LaTeX package

(/usr/share/texlive/texmf-dist/tex/latex/vntex/t5enc.def
File: t5enc.def 2006/11/21 v1.4 Vietnamese T5 encoding
Now handling font encoding T5 ...
... processing UTF-8 mapping file for font encoding T5

(/usr/share/texlive/texmf-dist/tex/latex/vntex/t5enc.dfu
File: t5enc.dfu 2006/08/19 v1.1 UTF8 support for Vietnamese
   defining Unicode char U+00AB (decimal 171)
   defining Unicode char U+00BB (decimal 187)
   defining Unicode char U+00C0 (decimal 192)
   defining Unicode char U+00C1 (decimal 193)
   defining Unicode char U+00C2 (decimal 194)
   defining Unicode char U+00C3 (decimal 195)
   defining Unicode char U+00C8 (decimal 200)
   defining Unicode char U+00C9 (decimal 201)
   defining Unicode char U+00CA (decimal 202)
   defining Unicode char U+00CC (decimal 204)
   defining Unicode char U+00CD (decimal 205)
   defining Unicode char U+00D2 (decimal 210)
   defining Unicode char U+00D3 (decimal 211)
   defining Unicode char U+00D4 (decimal 212)
   defining Unicode char U+00D5 (decimal 213)
   defining Unicode char U+00D9 (decimal 217)
   defining Unicode char U+00DA (decimal 218)
   defining Unicode char U+00DD (decimal 221)
   defining Unicode char U+00E0 (decimal 224)
   defining Unicode char U+00E1 (decimal 225)
   defining Unicode char U+00E2 (decimal 226)
   defining Unicode char U+00E3 (decimal 227)
   defining Unicode char U+00E8 (decimal 232)
   defining Unicode char U+00E9 (decimal 233)
   defining Unicode char U+00EA (decimal 234)
   defining Unicode char U+00EC (decimal 236)
   defining Unicode char U+00ED (decimal 237)
   defining Unicode char U+00F2 (decimal 242)
   defining Unicode char U+00F3 (decimal 243)
   defining Unicode char U+00F4 (decimal 244)
   defining Unicode char U+00F5 (decimal 245)
   defining Unicode char U+00F9 (decimal 249)
   defining Unicode char U+00FA (decimal 250)
   defining Unicode char U+00FD (decimal 253)
   defining Unicode char U+0102 (decimal 258)
   defining Unicode char U+0103 (decimal 259)
   defining Unicode char U+0110 (decimal 272)
   defining Unicode char U+0111 (decimal 273)
   defining Unicode char U+0128 (decimal 296)
   defining Unicode char U+0129 (decimal 297)
   defining Unicode char U+0131 (decimal 305)
   defining Unicode char U+0168 (decimal 360)
   defining Unicode char U+0169 (decimal 361)
   defining Unicode char U+01A0 (decimal 416)
   defining Unicode char U+01A1 (decimal 417)
   defining Unicode char U+01AF (decimal 431)
   defining Unicode char U+01B0 (decimal 432)
   defining Unicode char U+1EA0 (decimal 7840)
   defining Unicode char U+1EA1 (decimal 7841)
   defining Unicode char U+1EA2 (decimal 7842)
   defining Unicode char U+1EA3 (decimal 7843)
   defining Unicode char U+1EA4 (decimal 7844)
   defining Unicode char U+1EA5 (decimal 7845)
   defining Unicode char U+1EA6 (decimal 7846)
   defining Unicode char U+1EA7 (decimal 7847)
   defining Unicode char U+1EA8 (decimal 7848)
   defining Unicode char U+1EA9 (decimal 7849)
   defining Unicode char U+1EAA (decimal 7850)
   defining Unicode char U+1EAB (decimal 7851)
   defining Unicode char U+1EAC (decimal 7852)
   defining Unicode char U+1EAD (decimal 7853)
   defining Unicode char U+1EAE (decimal 7854)
   defining Unicode char U+1EAF (decimal 7855)
   defining Unicode char U+1EB0 (decimal 7856)
   defining Unicode char U+1EB1 (decimal 7857)
   defining Unicode char U+1EB2 (decimal 7858)
   defining Unicode char U+1EB3 (decimal 7859)
   defining Unicode char U+1EB4 (decimal 7860)
   defining Unicode char U+1EB5 (decimal 7861)
   defining Unicode char U+1EB6 (decimal 7862)
   defining Unicode char U+1EB7 (decimal 7863)
   defining Unicode char U+1EB8 (decimal 7864)
   defining Unicode char U+1EB9 (decimal 7865)
   defining Unicode char U+1EBA (decimal 7866)
   defining Unicode char U+1EBB (decimal 7867)
   defining Unicode char U+1EBC (decimal 7868)
   defining Unicode char U+1EBD (decimal 7869)
   defining Unicode char U+1EBE (decimal 7870)
   defining Unicode char U+1EBF (decimal 7871)
   defining Unicode char U+1EC0 (decimal 7872)
   defining Unicode char U+1EC1 (decimal 7873)
   defining Unicode char U+1EC2 (decimal 7874)
   defining Unicode char U+1EC3 (decimal 7875)
   defining Unicode char U+1EC4 (decimal 7876)
   defining Unicode char U+1EC5 (decimal 7877)
   defining Unicode char U+1EC6 (decimal 7878)
   defining Unicode char U+1EC7 (decimal 7879)
   defining Unicode char U+1EC8 (decimal 7880)
   defining Unicode char U+1EC9 (decimal 7881)
   defining Unicode char U+1ECA (decimal 7882)
   defining Unicode char U+1ECB (decimal 7883)
   defining Unicode char U+1ECC (decimal 7884)
   defining Unicode char U+1ECD (decimal 7885)
   defining Unicode char U+1ECE (decimal 7886)
   defining Unicode char U+1ECF (decimal 7887)
   defining Unicode char U+1ED0 (decimal 7888)
   defining Unicode char U+1ED1 (decimal 7889)
   defining Unicode char U+1ED2 (decimal 7890)
   defining Unicode char U+1ED3 (decimal 7891)
   defining Unicode char U+1ED4 (decimal 7892)
   defining Unicode char U+1ED5 (decimal 7893)
   defining Unicode char U+1ED6 (decimal 7894)
   defining Unicode char U+1ED7 (decimal 7895)
   defining Unicode char U+1ED8 (decimal 7896)
   defining Unicode char U+1ED9 (decimal 7897)
   defining Unicode char U+1EDA (decimal 7898)
   defining Unicode char U+1EDB (decimal 7899)
   defining Unicode char U+1EDC (decimal 7900)
   defining Unicode char U+1EDD (decimal 7901)
   defining Unicode char U+1EDE (decimal 7902)
   defining Unicode char U+1EDF (decimal 7903)
   defining Unicode char U+1EE0 (decimal 7904)
   defining Unicode char U+1EE1 (decimal 7905)
   defining Unicode char U+1EE2 (decimal 7906)
   defining Unicode char U+1EE3 (decimal 7907)
   defining Unicode char U+1EE4 (decimal 7908)
   defining Unicode char U+1EE5 (decimal 7909)
   defining Unicode char U+1EE6 (decimal 7910)
   defining Unicode char U+1EE7 (decimal 7911)
   defining Unicode char U+1EE8 (decimal 7912)
   defining Unicode char U+1EE9 (decimal 7913)
   defining Unicode char U+1EEA (decimal 7914)
   defining Unicode char U+1EEB (decimal 7915)
   defining Unicode char U+1EEC (decimal 7916)
   defining Unicode char U+1EED (decimal 7917)
   defining Unicode char U+1EEE (decimal 7918)
   defining Unicode char U+1EEF (decimal 7919)
   defining Unicode char U+1EF0 (decimal 7920)
   defining Unicode char U+1EF1 (decimal 7921)
   defining Unicode char U+1EF2 (decimal 7922)
   defining Unicode char U+1EF3 (decimal 7923)
   defining Unicode char U+1EF4 (decimal 7924)
   defining Unicode char U+1EF5 (decimal 7925)
   defining Unicode char U+1EF6 (decimal 7926)
   defining Unicode char U+1EF7 (decimal 7927)
   defining Unicode char U+1EF8 (decimal 7928)
   defining Unicode char U+1EF9 (decimal 7929)
   defining Unicode char U+200C (decimal 8204)
   defining Unicode char U+2013 (decimal 8211)
   defining Unicode char U+2014 (decimal 8212)
   defining Unicode char U+2018 (decimal 8216)
   defining Unicode char U+2019 (decimal 8217)
   defining Unicode char U+201A (decimal 8218)
   defining Unicode char U+201C (decimal 8220)
   defining Unicode char U+201D (decimal 8221)
   defining Unicode char U+201E (decimal 8222)
   defining Unicode char U+2030 (decimal 8240)
   defining Unicode char U+2031 (decimal 8241)
   defining Unicode char U+2039 (decimal 8249)
   defining Unicode char U+203A (decimal 8250)
   defining Unicode char U+2423 (decimal 9251)
))
LaTeX Font Info:    Trying to load font information for T5+cmr on input line 11
2.

(/usr/share/texlive/texmf-dist/tex/latex/vntex/t5cmr.fd
File: t5cmr.fd 1999/05/25 v2.5h Standard LaTeX font definitions
))

Package vntex Warning: No input encoding specified, using UTF-8 as default on i
nput line 88.

(/usr/share/texlive/texmf-dist/tex/latex/base/inputenc.sty
Package: inputenc 2021/02/14 v1.3d Input encoding file
\inpenc@prehook=\toks17
\inpenc@posthook=\toks18
)
(/usr/share/texlive/texmf-dist/tex/latex/vntex/vncaps.tex
File: vncaps.tex 2006/06/07 v1.1 Captions in Vietnamese
))
(/usr/share/texlive/texmf-dist/tex/latex/psnfss/mathptmx.sty
Package: mathptmx 2020/03/25 PSNFSS-v9.3 Times w/ Math, improved (SPQR, WaS) 
LaTeX Font Info:    Redeclaring symbol font `operators' on input line 28.
LaTeX Font Info:    Overwriting symbol font `operators' in version `normal'
(Font)                  OT1/cmr/m/n --> OT1/ztmcm/m/n on input line 28.
LaTeX Font Info:    Overwriting symbol font `operators' in version `bold'
(Font)                  OT1/cmr/bx/n --> OT1/ztmcm/m/n on input line 28.
LaTeX Font Info:    Redeclaring symbol font `letters' on input line 29.
LaTeX Font Info:    Overwriting symbol font `letters' in version `normal'
(Font)                  OML/cmm/m/it --> OML/ztmcm/m/it on input line 29.
LaTeX Font Info:    Overwriting symbol font `letters' in version `bold'
(Font)                  OML/cmm/b/it --> OML/ztmcm/m/it on input line 29.
LaTeX Font Info:    Redeclaring symbol font `symbols' on input line 30.
LaTeX Font Info:    Overwriting symbol font `symbols' in version `normal'
(Font)                  OMS/cmsy/m/n --> OMS/ztmcm/m/n on input line 30.
LaTeX Font Info:    Overwriting symbol font `symbols' in version `bold'
(Font)                  OMS/cmsy/b/n --> OMS/ztmcm/m/n on input line 30.
LaTeX Font Info:    Redeclaring symbol font `largesymbols' on input line 31.
LaTeX Font Info:    Overwriting symbol font `largesymbols' in version `normal'
(Font)                  OMX/cmex/m/n --> OMX/ztmcm/m/n on input line 31.
LaTeX Font Info:    Overwriting symbol font `largesymbols' in version `bold'
(Font)                  OMX/cmex/m/n --> OMX/ztmcm/m/n on input line 31.
\symbold=\mathgroup4
\symitalic=\mathgroup5
LaTeX Font Info:    Redeclaring math alphabet \mathbf on input line 34.
LaTeX Font Info:    Overwriting math alphabet `\mathbf' in version `normal'
(Font)                  OT1/cmr/bx/n --> OT1/ptm/bx/n on input line 34.
LaTeX Font Info:    Overwriting math alphabet `\mathbf' in version `bold'
(Font)                  OT1/cmr/bx/n --> OT1/ptm/bx/n on input line 34.
LaTeX Font Info:    Redeclaring math alphabet \mathit on input line 35.
LaTeX Font Info:    Overwriting math alphabet `\mathit' in version `normal'
(Font)                  OT1/cmr/m/it --> OT1/ptm/m/it on input line 35.
LaTeX Font Info:    Overwriting math alphabet `\mathit' in version `bold'
(Font)                  OT1/cmr/bx/it --> OT1/ptm/m/it on input line 35.
LaTeX Info: Redefining \hbar on input line 50.
)
(/usr/share/texlive/texmf-dist/tex/latex/a4wide/a4wide.sty
Package: a4wide 1994/08/30

(/usr/share/texlive/texmf-dist/tex/latex/ntgclass/a4.sty
Package: a4 2023/01/10 v1.2g A4 based page layout
))
(/usr/share/texlive/texmf-dist/tex/latex/amsfonts/amssymb.sty
Package: amssymb 2013/01/14 v3.01 AMS font symbols

(/usr/share/texlive/texmf-dist/tex/latex/amsfonts/amsfonts.sty
Package: amsfonts 2013/01/14 v3.01 Basic AMSFonts support
\@emptytoks=\toks19
\symAMSa=\mathgroup6
\symAMSb=\mathgroup7
LaTeX Font Info:    Overwriting math alphabet `\mathfrak' in version `bold'
(Font)                  U/euf/m/n --> U/euf/b/n on input line 106.
))
(/usr/share/texlive/texmf-dist/tex/latex/graphics/epsfig.sty
Package: epsfig 2017/06/25 v1.7b (e)psfig emulation (SPQR)

(/usr/share/texlive/texmf-dist/tex/latex/graphics/graphicx.sty
Package: graphicx 2021/09/16 v1.2d Enhanced LaTeX Graphics (DPC,SPQR)

(/usr/share/texlive/texmf-dist/tex/latex/graphics/keyval.sty
Package: keyval 2022/05/29 v1.15 key=value parser (DPC)
\KV@toks@=\toks20
)
(/usr/share/texlive/texmf-dist/tex/latex/graphics/graphics.sty
Package: graphics 2022/03/10 v1.4e Standard LaTeX Graphics (DPC,SPQR)

(/usr/share/texlive/texmf-dist/tex/latex/graphics/trig.sty
Package: trig 2021/08/11 v1.11 sin cos tan (DPC)
)
(/usr/share/texlive/texmf-dist/tex/latex/graphics-cfg/graphics.cfg
File: graphics.cfg 2016/06/04 v1.11 sample graphics configuration
)
Package graphics Info: Driver file: pdftex.def on input line 107.

(/usr/share/texlive/texmf-dist/tex/latex/graphics-def/pdftex.def
File: pdftex.def 2022/09/22 v1.2b Graphics/color driver for pdftex
))
\Gin@req@height=\dimen141
\Gin@req@width=\dimen142
)
\epsfxsize=\dimen143
\epsfysize=\dimen144
)
(/usr/share/texlive/texmf-dist/tex/latex/base/latexsym.sty
Package: latexsym 1998/08/17 v2.2e Standard LaTeX package (lasy symbols)
\symlasy=\mathgroup8
LaTeX Font Info:    Overwriting symbol font `lasy' in version `bold'
(Font)                  U/lasy/m/n --> U/lasy/b/n on input line 52.
)
(/usr/share/texlive/texmf-dist/tex/latex/tools/array.sty
Package: array 2023/10/16 v2.5g Tabular extension package (FMi)
\col@sep=\dimen145
\ar@mcellbox=\box51
\extrarowheight=\dimen146
\NC@list=\toks21
\extratabsurround=\skip50
\backup@length=\skip51
\ar@cellbox=\box52
)
(/usr/share/texlive/texmf-dist/tex/latex/tools/hhline.sty
Package: hhline 2020/01/04 v2.04 Table rule package (DPC)
)
(/usr/share/texlive/texmf-dist/tex/latex/fancyhdr/fancyhdr.sty
Package: fancyhdr 2022/11/09 v4.1 Extensive control of page headers and footers

\f@nch@headwidth=\skip52
\f@nch@O@elh=\skip53
\f@nch@O@erh=\skip54
\f@nch@O@olh=\skip55
\f@nch@O@orh=\skip56
\f@nch@O@elf=\skip57
\f@nch@O@erf=\skip58
\f@nch@O@olf=\skip59
\f@nch@O@orf=\skip60
)
(/usr/share/texlive/texmf-dist/tex/generic/ulem/ulem.sty
\UL@box=\box53
\UL@hyphenbox=\box54
\UL@skip=\skip61
\UL@hook=\toks22
\UL@height=\dimen147
\UL@pe=\count195
\UL@pixel=\dimen148
\ULC@box=\box55
Package: ulem 2019/11/18
\ULdepth=\dimen149
)
(/usr/share/texlive/texmf-dist/tex/latex/cancel/cancel.sty
Package: cancel 2013/04/12 v2.2 Cancel math terms
)
(/usr/share/texlive/texmf-dist/tex/latex/amsmath/amsmath.sty
Package: amsmath 2023/05/13 v2.17o AMS math features
\@mathmargin=\skip62

For additional information on amsmath, use the `?' option.
(/usr/share/texlive/texmf-dist/tex/latex/amsmath/amstext.sty
Package: amstext 2021/08/26 v2.01 AMS text

(/usr/share/texlive/texmf-dist/tex/latex/amsmath/amsgen.sty
File: amsgen.sty 1999/11/30 v2.0 generic functions
\@emptytoks=\toks23
\ex@=\dimen150
))
(/usr/share/texlive/texmf-dist/tex/latex/amsmath/amsbsy.sty
Package: amsbsy 1999/11/29 v1.2d Bold Symbols
\pmbraise@=\dimen151
)
(/usr/share/texlive/texmf-dist/tex/latex/amsmath/amsopn.sty
Package: amsopn 2022/04/08 v2.04 operator names
)
\inf@bad=\count196
LaTeX Info: Redefining \frac on input line 234.
\uproot@=\count197
\leftroot@=\count198
LaTeX Info: Redefining \overline on input line 399.
LaTeX Info: Redefining \colon on input line 410.
\classnum@=\count199
\DOTSCASE@=\count266
LaTeX Info: Redefining \ldots on input line 496.
LaTeX Info: Redefining \dots on input line 499.
LaTeX Info: Redefining \cdots on input line 620.
\Mathstrutbox@=\box56
\strutbox@=\box57
LaTeX Info: Redefining \big on input line 722.
LaTeX Info: Redefining \Big on input line 723.
LaTeX Info: Redefining \bigg on input line 724.
LaTeX Info: Redefining \Bigg on input line 725.
\big@size=\dimen152
LaTeX Font Info:    Redeclaring font encoding OML on input line 743.
LaTeX Font Info:    Redeclaring font encoding OMS on input line 744.
\macc@depth=\count267
LaTeX Info: Redefining \bmod on input line 905.
LaTeX Info: Redefining \pmod on input line 910.
LaTeX Info: Redefining \smash on input line 940.
LaTeX Info: Redefining \relbar on input line 970.
LaTeX Info: Redefining \Relbar on input line 971.
\c@MaxMatrixCols=\count268
\dotsspace@=\muskip16
\c@parentequation=\count269
\dspbrk@lvl=\count270
\tag@help=\toks24
\row@=\count271
\column@=\count272
\maxfields@=\count273
\andhelp@=\toks25
\eqnshift@=\dimen153
\alignsep@=\dimen154
\tagshift@=\dimen155
\tagwidth@=\dimen156
\totwidth@=\dimen157
\lineht@=\dimen158
\@envbody=\toks26
\multlinegap=\skip63
\multlinetaggap=\skip64
\mathdisplay@stack=\toks27
LaTeX Info: Redefining \[ on input line 2953.
LaTeX Info: Redefining \] on input line 2954.
)
(/usr/share/texlive/texmf-dist/tex/latex/amscls/amsthm.sty
Package: amsthm 2020/05/29 v2.20.6
\thm@style=\toks28
\thm@bodyfont=\toks29
\thm@headfont=\toks30
\thm@notefont=\toks31
\thm@headpunct=\toks32
\thm@preskip=\skip65
\thm@postskip=\skip66
\thm@headsep=\skip67
\dth@everypar=\toks33
)
(/usr/share/texlive/texmf-dist/tex/latex/tools/multicol.sty
Package: multicol 2023/03/30 v1.9f multicolumn formatting (FMi)
\c@tracingmulticols=\count274
\mult@box=\box58
\multicol@leftmargin=\dimen159
\c@unbalance=\count275
\c@collectmore=\count276
\doublecol@number=\count277
\multicoltolerance=\count278
\multicolpretolerance=\count279
\full@width=\dimen160
\page@free=\dimen161
\premulticols=\dimen162
\postmulticols=\dimen163
\multicolsep=\skip68
\multicolbaselineskip=\skip69
\partial@page=\box59
\last@line=\box60
\mc@boxedresult=\box61
\maxbalancingoverflow=\dimen164
\mult@rightbox=\box62
\mult@grightbox=\box63
\mult@firstbox=\box64
\mult@gfirstbox=\box65
\@tempa=\box66
\@tempa=\box67
\@tempa=\box68
\@tempa=\box69
\@tempa=\box70
\@tempa=\box71
\@tempa=\box72
\@tempa=\box73
\@tempa=\box74
\@tempa=\box75
\@tempa=\box76
\@tempa=\box77
\@tempa=\box78
\@tempa=\box79
\@tempa=\box80
\@tempa=\box81
\@tempa=\box82
\@tempa=\box83
\@tempa=\box84
\@tempa=\box85
\@tempa=\box86
\@tempa=\box87
\@tempa=\box88
\@tempa=\box89
\@tempa=\box90
\@tempa=\box91
\@tempa=\box92
\@tempa=\box93
\@tempa=\box94
\@tempa=\box95
\@tempa=\box96
\@tempa=\box97
\@tempa=\box98
\@tempa=\box99
\@tempa=\box100
\@tempa=\box101
\c@minrows=\count280
\c@columnbadness=\count281
\c@finalcolumnbadness=\count282
\last@try=\dimen165
\multicolovershoot=\dimen166
\multicolundershoot=\dimen167
\mult@nat@firstbox=\box102
\colbreak@box=\box103
\mc@col@check@num=\count283
)
(/usr/share/texlive/texmf-dist/tex/latex/tools/longtable.sty
Package: longtable 2023-11-01 v4.19 Multi-page Table package (DPC)
\LTleft=\skip70
\LTright=\skip71
\LTpre=\skip72
\LTpost=\skip73
\LTchunksize=\count284
\LTcapwidth=\dimen168
\LT@head=\box104
\LT@firsthead=\box105
\LT@foot=\box106
\LT@lastfoot=\box107
\LT@gbox=\box108
\LT@cols=\count285
\LT@rows=\count286
\c@LT@tables=\count287
\c@LT@chunks=\count288
\LT@p@ftn=\toks34
)
(/usr/share/texlive/texmf-dist/tex/latex/amsmath/amscd.sty
Package: amscd 2017/04/14 v2.1 AMS Commutative Diagrams
\athelp@=\toks35
\minaw@=\dimen169
\bigaw@=\dimen170
\minCDarrowwidth=\dimen171
)
(/usr/share/texlive/texmf-dist/tex/latex/diagbox/diagbox.sty
Package: diagbox 2020/02/09 v2.3 Making table heads with diagonal lines

(/usr/share/texlive/texmf-dist/tex/latex/pict2e/pict2e.sty
Package: pict2e 2020/09/30 v0.4b Improved picture commands (HjG,RN,JT)

(/usr/share/texlive/texmf-dist/tex/latex/pict2e/pict2e.cfg
File: pict2e.cfg 2016/02/05 v0.1u pict2e configuration for teTeX/TeXLive
)
Package pict2e Info: Driver file: pdftex.def on input line 112.
Package pict2e Info: Driver file for pict2e: p2e-pdftex.def on input line 114.

(/usr/share/texlive/texmf-dist/tex/latex/pict2e/p2e-pdftex.def
File: p2e-pdftex.def 2016/02/05 v0.1u Driver-dependant file (RN,HjG,JT)
)
\pIIe@GRAPH=\toks36
\@arclen=\dimen172
\@arcrad=\dimen173
\pIIe@tempdima=\dimen174
\pIIe@tempdimb=\dimen175
\pIIe@tempdimc=\dimen176
\pIIe@tempdimd=\dimen177
\pIIe@tempdime=\dimen178
\pIIe@tempdimf=\dimen179
)
(/usr/share/texlive/texmf-dist/tex/latex/tools/calc.sty
Package: calc 2023/07/08 v4.3 Infix arithmetic (KKT,FJ)
\calc@Acount=\count289
\calc@Bcount=\count290
\calc@Adimen=\dimen180
\calc@Bdimen=\dimen181
\calc@Askip=\skip74
\calc@Bskip=\skip75
LaTeX Info: Redefining \setlength on input line 80.
LaTeX Info: Redefining \addtolength on input line 81.
\calc@Ccount=\count291
\calc@Cskip=\skip76
)
\diagbox@boxa=\box109
\diagbox@boxb=\box110
\diagbox@boxm=\box111
\diagbox@wd=\dimen182
\diagbox@ht=\dimen183
\diagbox@insepl=\dimen184
\diagbox@insepr=\dimen185
\diagbox@outsepl=\dimen186
\diagbox@outsepr=\dimen187
)
(/usr/share/texlive/texmf-dist/tex/latex/booktabs/booktabs.sty
Package: booktabs 2020/01/12 v1.61803398 Publication quality tables
\heavyrulewidth=\dimen188
\lightrulewidth=\dimen189
\cmidrulewidth=\dimen190
\belowrulesep=\dimen191
\belowbottomsep=\dimen192
\aboverulesep=\dimen193
\abovetopsep=\dimen194
\cmidrulesep=\dimen195
\cmidrulekern=\dimen196
\defaultaddspace=\dimen197
\@cmidla=\count292
\@cmidlb=\count293
\@aboverulesep=\dimen198
\@belowrulesep=\dimen199
\@thisruleclass=\count294
\@lastruleclass=\count295
\@thisrulewidth=\dimen256
)
(/usr/share/texlive/texmf-dist/tex/latex/base/alltt.sty
Package: alltt 2021/01/29 v2.0g defines alltt environment
)
(/usr/share/texlive/texmf-dist/tex/latex/mdframed/mdframed.sty
Package: mdframed 2013/07/01 1.9b: mdframed

(/usr/share/texlive/texmf-dist/tex/latex/kvoptions/kvoptions.sty
Package: kvoptions 2022-06-15 v3.15 Key value format for package options (HO)

(/usr/share/texlive/texmf-dist/tex/generic/ltxcmds/ltxcmds.sty
Package: ltxcmds 2023-12-04 v1.26 LaTeX kernel commands for general use (HO)
)
(/usr/share/texlive/texmf-dist/tex/latex/kvsetkeys/kvsetkeys.sty
Package: kvsetkeys 2022-10-05 v1.19 Key value parser (HO)
))
(/usr/share/texlive/texmf-dist/tex/latex/l3packages/xparse/xparse.sty
(/usr/share/texlive/texmf-dist/tex/latex/l3kernel/expl3.sty
Package: expl3 2024-01-22 L3 programming layer (loader) 

(/usr/share/texlive/texmf-dist/tex/latex/l3backend/l3backend-pdftex.def
File: l3backend-pdftex.def 2024-01-04 L3 backend support: PDF output (pdfTeX)
\l__color_backend_stack_int=\count296
\l__pdf_internal_box=\box112
))
Package: xparse 2023-10-10 L3 Experimental document command parser
)
(/usr/share/texlive/texmf-dist/tex/latex/etoolbox/etoolbox.sty
Package: etoolbox 2020/10/05 v2.5k e-TeX tools for LaTeX (JAW)
\etb@tempcnta=\count297
)
(/usr/share/texlive/texmf-dist/tex/latex/zref/zref-abspage.sty
Package: zref-abspage 2023-09-14 v2.35 Module abspage for zref (HO)

(/usr/share/texlive/texmf-dist/tex/latex/zref/zref-base.sty
Package: zref-base 2023-09-14 v2.35 Module base for zref (HO)

(/usr/share/texlive/texmf-dist/tex/generic/infwarerr/infwarerr.sty
Package: infwarerr 2019/12/03 v1.5 Providing info/warning/error messages (HO)
)
(/usr/share/texlive/texmf-dist/tex/generic/kvdefinekeys/kvdefinekeys.sty
Package: kvdefinekeys 2019-12-19 v1.6 Define keys (HO)
)
(/usr/share/texlive/texmf-dist/tex/generic/pdftexcmds/pdftexcmds.sty
Package: pdftexcmds 2020-06-27 v0.33 Utility functions of pdfTeX for LuaTeX (HO
)

(/usr/share/texlive/texmf-dist/tex/generic/iftex/iftex.sty
Package: iftex 2022/02/03 v1.0f TeX engine tests
)
Package pdftexcmds Info: \pdf@primitive is available.
Package pdftexcmds Info: \pdf@ifprimitive is available.
Package pdftexcmds Info: \pdfdraftmode found.
)
(/usr/share/texlive/texmf-dist/tex/generic/etexcmds/etexcmds.sty
Package: etexcmds 2019/12/15 v1.7 Avoid name clashes with e-TeX commands (HO)
)
(/usr/share/texlive/texmf-dist/tex/latex/auxhook/auxhook.sty
Package: auxhook 2019-12-17 v1.6 Hooks for auxiliary files (HO)
)
Package zref Info: New property list: main on input line 767.
Package zref Info: New property: default on input line 768.
Package zref Info: New property: page on input line 769.
)
\c@abspage=\count298
Package zref Info: New property: abspage on input line 67.
)
(/usr/share/texlive/texmf-dist/tex/latex/needspace/needspace.sty
Package: needspace 2010/09/12 v1.3d reserve vertical space
)
(/usr/share/texlive/texmf-dist/tex/latex/graphics/color.sty
Package: color 2022/01/06 v1.3d Standard LaTeX Color (DPC)

(/usr/share/texlive/texmf-dist/tex/latex/graphics-cfg/color.cfg
File: color.cfg 2016/01/02 v1.6 sample color configuration
)
Package color Info: Driver file: pdftex.def on input line 149.

(/usr/share/texlive/texmf-dist/tex/latex/graphics/mathcolor.ltx))
\mdf@templength=\skip77
\c@mdf@globalstyle@cnt=\count299
\mdf@skipabove@length=\skip78
\mdf@skipbelow@length=\skip79
\mdf@leftmargin@length=\skip80
\mdf@rightmargin@length=\skip81
\mdf@innerleftmargin@length=\skip82
\mdf@innerrightmargin@length=\skip83
\mdf@innertopmargin@length=\skip84
\mdf@innerbottommargin@length=\skip85
\mdf@splittopskip@length=\skip86
\mdf@splitbottomskip@length=\skip87
\mdf@outermargin@length=\skip88
\mdf@innermargin@length=\skip89
\mdf@linewidth@length=\skip90
\mdf@innerlinewidth@length=\skip91
\mdf@middlelinewidth@length=\skip92
\mdf@outerlinewidth@length=\skip93
\mdf@roundcorner@length=\skip94
\mdf@footenotedistance@length=\skip95
\mdf@userdefinedwidth@length=\skip96
\mdf@needspace@length=\skip97
\mdf@frametitleaboveskip@length=\skip98
\mdf@frametitlebelowskip@length=\skip99
\mdf@frametitlerulewidth@length=\skip100
\mdf@frametitleleftmargin@length=\skip101
\mdf@frametitlerightmargin@length=\skip102
\mdf@shadowsize@length=\skip103
\mdf@extratopheight@length=\skip104
\mdf@subtitleabovelinewidth@length=\skip105
\mdf@subtitlebelowlinewidth@length=\skip106
\mdf@subtitleaboveskip@length=\skip107
\mdf@subtitlebelowskip@length=\skip108
\mdf@subtitleinneraboveskip@length=\skip109
\mdf@subtitleinnerbelowskip@length=\skip110
\mdf@subsubtitleabovelinewidth@length=\skip111
\mdf@subsubtitlebelowlinewidth@length=\skip112
\mdf@subsubtitleaboveskip@length=\skip113
\mdf@subsubtitlebelowskip@length=\skip114
\mdf@subsubtitleinneraboveskip@length=\skip115
\mdf@subsubtitleinnerbelowskip@length=\skip116

(/usr/share/texlive/texmf-dist/tex/latex/pgf/frontendlayer/tikz.sty
(/usr/share/texlive/texmf-dist/tex/latex/pgf/basiclayer/pgf.sty
(/usr/share/texlive/texmf-dist/tex/latex/pgf/utilities/pgfrcs.sty
(/usr/share/texlive/texmf-dist/tex/generic/pgf/utilities/pgfutil-common.tex
\pgfutil@everybye=\toks37
\pgfutil@tempdima=\dimen257
\pgfutil@tempdimb=\dimen258
)
(/usr/share/texlive/texmf-dist/tex/generic/pgf/utilities/pgfutil-latex.def
\pgfutil@abb=\box113
)
(/usr/share/texlive/texmf-dist/tex/generic/pgf/utilities/pgfrcs.code.tex
(/usr/share/texlive/texmf-dist/tex/generic/pgf/pgf.revision.tex)
Package: pgfrcs 2023-01-15 v3.1.10 (3.1.10)
))
Package: pgf 2023-01-15 v3.1.10 (3.1.10)

(/usr/share/texlive/texmf-dist/tex/latex/pgf/basiclayer/pgfcore.sty
(/usr/share/texlive/texmf-dist/tex/latex/pgf/systemlayer/pgfsys.sty
(/usr/share/texlive/texmf-dist/tex/generic/pgf/systemlayer/pgfsys.code.tex
Package: pgfsys 2023-01-15 v3.1.10 (3.1.10)

(/usr/share/texlive/texmf-dist/tex/generic/pgf/utilities/pgfkeys.code.tex
\pgfkeys@pathtoks=\toks38
\pgfkeys@temptoks=\toks39

(/usr/share/texlive/texmf-dist/tex/generic/pgf/utilities/pgfkeyslibraryfiltered
.code.tex
\pgfkeys@tmptoks=\toks40
))
\pgf@x=\dimen259
\pgf@y=\dimen260
\pgf@xa=\dimen261
\pgf@ya=\dimen262
\pgf@xb=\dimen263
\pgf@yb=\dimen264
\pgf@xc=\dimen265
\pgf@yc=\dimen266
\pgf@xd=\dimen267
\pgf@yd=\dimen268
\w@pgf@writea=\write3
\r@pgf@reada=\read2
\c@pgf@counta=\count300
\c@pgf@countb=\count301
\c@pgf@countc=\count302
\c@pgf@countd=\count303
\t@pgf@toka=\toks41
\t@pgf@tokb=\toks42
\t@pgf@tokc=\toks43
\pgf@sys@id@count=\count304
 (/usr/share/texlive/texmf-dist/tex/generic/pgf/systemlayer/pgf.cfg
File: pgf.cfg 2023-01-15 v3.1.10 (3.1.10)
)
Driver file for pgf: pgfsys-pdftex.def
(/usr/share/texlive/texmf-dist/tex/generic/pgf/systemlayer/pgfsys-pdftex.def
File: pgfsys-pdftex.def 2023-01-15 v3.1.10 (3.1.10)

(/usr/share/texlive/texmf-dist/tex/generic/pgf/systemlayer/pgfsys-common-pdf.de
f
File: pgfsys-common-pdf.def 2023-01-15 v3.1.10 (3.1.10)
)))
(/usr/share/texlive/texmf-dist/tex/generic/pgf/systemlayer/pgfsyssoftpath.code.
tex
File: pgfsyssoftpath.code.tex 2023-01-15 v3.1.10 (3.1.10)
\pgfsyssoftpath@smallbuffer@items=\count305
\pgfsyssoftpath@bigbuffer@items=\count306
)
(/usr/share/texlive/texmf-dist/tex/generic/pgf/systemlayer/pgfsysprotocol.code.
tex
File: pgfsysprotocol.code.tex 2023-01-15 v3.1.10 (3.1.10)
)) (/usr/share/texlive/texmf-dist/tex/latex/xcolor/xcolor.sty
Package: xcolor 2023/11/15 v3.01 LaTeX color extensions (UK)

(/usr/share/texlive/texmf-dist/tex/latex/graphics-cfg/color.cfg
File: color.cfg 2016/01/02 v1.6 sample color configuration
)
Package xcolor Info: Driver file: pdftex.def on input line 274.
LaTeX Info: Redefining \color on input line 758.

(/usr/share/texlive/texmf-dist/tex/latex/graphics/mathcolor.ltx)
Package xcolor Info: Model `cmy' substituted by `cmy0' on input line 1350.
Package xcolor Info: Model `hsb' substituted by `rgb' on input line 1354.
Package xcolor Info: Model `RGB' extended on input line 1366.
Package xcolor Info: Model `HTML' substituted by `rgb' on input line 1368.
Package xcolor Info: Model `Hsb' substituted by `hsb' on input line 1369.
Package xcolor Info: Model `tHsb' substituted by `hsb' on input line 1370.
Package xcolor Info: Model `HSB' substituted by `hsb' on input line 1371.
Package xcolor Info: Model `Gray' substituted by `gray' on input line 1372.
Package xcolor Info: Model `wave' substituted by `hsb' on input line 1373.
)
(/usr/share/texlive/texmf-dist/tex/generic/pgf/basiclayer/pgfcore.code.tex
Package: pgfcore 2023-01-15 v3.1.10 (3.1.10)

(/usr/share/texlive/texmf-dist/tex/generic/pgf/math/pgfmath.code.tex
(/usr/share/texlive/texmf-dist/tex/generic/pgf/math/pgfmathutil.code.tex)
(/usr/share/texlive/texmf-dist/tex/generic/pgf/math/pgfmathparser.code.tex
\pgfmath@dimen=\dimen269
\pgfmath@count=\count307
\pgfmath@box=\box114
\pgfmath@toks=\toks44
\pgfmath@stack@operand=\toks45
\pgfmath@stack@operation=\toks46
)
(/usr/share/texlive/texmf-dist/tex/generic/pgf/math/pgfmathfunctions.code.tex)
(/usr/share/texlive/texmf-dist/tex/generic/pgf/math/pgfmathfunctions.basic.code
.tex)
(/usr/share/texlive/texmf-dist/tex/generic/pgf/math/pgfmathfunctions.trigonomet
ric.code.tex)
(/usr/share/texlive/texmf-dist/tex/generic/pgf/math/pgfmathfunctions.random.cod
e.tex)
(/usr/share/texlive/texmf-dist/tex/generic/pgf/math/pgfmathfunctions.comparison
.code.tex)
(/usr/share/texlive/texmf-dist/tex/generic/pgf/math/pgfmathfunctions.base.code.
tex)
(/usr/share/texlive/texmf-dist/tex/generic/pgf/math/pgfmathfunctions.round.code
.tex)
(/usr/share/texlive/texmf-dist/tex/generic/pgf/math/pgfmathfunctions.misc.code.
tex)
(/usr/share/texlive/texmf-dist/tex/generic/pgf/math/pgfmathfunctions.integerari
thmetics.code.tex)
(/usr/share/texlive/texmf-dist/tex/generic/pgf/math/pgfmathcalc.code.tex)
(/usr/share/texlive/texmf-dist/tex/generic/pgf/math/pgfmathfloat.code.tex
\c@pgfmathroundto@lastzeros=\count308
))
(/usr/share/texlive/texmf-dist/tex/generic/pgf/math/pgfint.code.tex)
(/usr/share/texlive/texmf-dist/tex/generic/pgf/basiclayer/pgfcorepoints.code.te
x
File: pgfcorepoints.code.tex 2023-01-15 v3.1.10 (3.1.10)
\pgf@picminx=\dimen270
\pgf@picmaxx=\dimen271
\pgf@picminy=\dimen272
\pgf@picmaxy=\dimen273
\pgf@pathminx=\dimen274
\pgf@pathmaxx=\dimen275
\pgf@pathminy=\dimen276
\pgf@pathmaxy=\dimen277
\pgf@xx=\dimen278
\pgf@xy=\dimen279
\pgf@yx=\dimen280
\pgf@yy=\dimen281
\pgf@zx=\dimen282
\pgf@zy=\dimen283
)
(/usr/share/texlive/texmf-dist/tex/generic/pgf/basiclayer/pgfcorepathconstruct.
code.tex
File: pgfcorepathconstruct.code.tex 2023-01-15 v3.1.10 (3.1.10)
\pgf@path@lastx=\dimen284
\pgf@path@lasty=\dimen285
)
(/usr/share/texlive/texmf-dist/tex/generic/pgf/basiclayer/pgfcorepathusage.code
.tex
File: pgfcorepathusage.code.tex 2023-01-15 v3.1.10 (3.1.10)
\pgf@shorten@end@additional=\dimen286
\pgf@shorten@start@additional=\dimen287
)
(/usr/share/texlive/texmf-dist/tex/generic/pgf/basiclayer/pgfcorescopes.code.te
x
File: pgfcorescopes.code.tex 2023-01-15 v3.1.10 (3.1.10)
\pgfpic=\box115
\pgf@hbox=\box116
\pgf@layerbox@main=\box117
\pgf@picture@serial@count=\count309
)
(/usr/share/texlive/texmf-dist/tex/generic/pgf/basiclayer/pgfcoregraphicstate.c
ode.tex
File: pgfcoregraphicstate.code.tex 2023-01-15 v3.1.10 (3.1.10)
\pgflinewidth=\dimen288
)
(/usr/share/texlive/texmf-dist/tex/generic/pgf/basiclayer/pgfcoretransformation
s.code.tex
File: pgfcoretransformations.code.tex 2023-01-15 v3.1.10 (3.1.10)
\pgf@pt@x=\dimen289
\pgf@pt@y=\dimen290
\pgf@pt@temp=\dimen291
)
(/usr/share/texlive/texmf-dist/tex/generic/pgf/basiclayer/pgfcorequick.code.tex
File: pgfcorequick.code.tex 2023-01-15 v3.1.10 (3.1.10)
)
(/usr/share/texlive/texmf-dist/tex/generic/pgf/basiclayer/pgfcoreobjects.code.t
ex
File: pgfcoreobjects.code.tex 2023-01-15 v3.1.10 (3.1.10)
)
(/usr/share/texlive/texmf-dist/tex/generic/pgf/basiclayer/pgfcorepathprocessing
.code.tex
File: pgfcorepathprocessing.code.tex 2023-01-15 v3.1.10 (3.1.10)
)
(/usr/share/texlive/texmf-dist/tex/generic/pgf/basiclayer/pgfcorearrows.code.te
x
File: pgfcorearrows.code.tex 2023-01-15 v3.1.10 (3.1.10)
\pgfarrowsep=\dimen292
)
(/usr/share/texlive/texmf-dist/tex/generic/pgf/basiclayer/pgfcoreshade.code.tex
File: pgfcoreshade.code.tex 2023-01-15 v3.1.10 (3.1.10)
\pgf@max=\dimen293
\pgf@sys@shading@range@num=\count310
\pgf@shadingcount=\count311
)
(/usr/share/texlive/texmf-dist/tex/generic/pgf/basiclayer/pgfcoreimage.code.tex
File: pgfcoreimage.code.tex 2023-01-15 v3.1.10 (3.1.10)
)
(/usr/share/texlive/texmf-dist/tex/generic/pgf/basiclayer/pgfcoreexternal.code.
tex
File: pgfcoreexternal.code.tex 2023-01-15 v3.1.10 (3.1.10)
\pgfexternal@startupbox=\box118
)
(/usr/share/texlive/texmf-dist/tex/generic/pgf/basiclayer/pgfcorelayers.code.te
x
File: pgfcorelayers.code.tex 2023-01-15 v3.1.10 (3.1.10)
)
(/usr/share/texlive/texmf-dist/tex/generic/pgf/basiclayer/pgfcoretransparency.c
ode.tex
File: pgfcoretransparency.code.tex 2023-01-15 v3.1.10 (3.1.10)
)
(/usr/share/texlive/texmf-dist/tex/generic/pgf/basiclayer/pgfcorepatterns.code.
tex
File: pgfcorepatterns.code.tex 2023-01-15 v3.1.10 (3.1.10)
)
(/usr/share/texlive/texmf-dist/tex/generic/pgf/basiclayer/pgfcorerdf.code.tex
File: pgfcorerdf.code.tex 2023-01-15 v3.1.10 (3.1.10)
)))
(/usr/share/texlive/texmf-dist/tex/generic/pgf/modules/pgfmoduleshapes.code.tex
File: pgfmoduleshapes.code.tex 2023-01-15 v3.1.10 (3.1.10)
\pgfnodeparttextbox=\box119
) (/usr/share/texlive/texmf-dist/tex/generic/pgf/modules/pgfmoduleplot.code.tex
File: pgfmoduleplot.code.tex 2023-01-15 v3.1.10 (3.1.10)
)
(/usr/share/texlive/texmf-dist/tex/latex/pgf/compatibility/pgfcomp-version-0-65
.sty
Package: pgfcomp-version-0-65 2023-01-15 v3.1.10 (3.1.10)
\pgf@nodesepstart=\dimen294
\pgf@nodesepend=\dimen295
)
(/usr/share/texlive/texmf-dist/tex/latex/pgf/compatibility/pgfcomp-version-1-18
.sty
Package: pgfcomp-version-1-18 2023-01-15 v3.1.10 (3.1.10)
)) (/usr/share/texlive/texmf-dist/tex/latex/pgf/utilities/pgffor.sty
(/usr/share/texlive/texmf-dist/tex/latex/pgf/utilities/pgfkeys.sty
(/usr/share/texlive/texmf-dist/tex/generic/pgf/utilities/pgfkeys.code.tex))
(/usr/share/texlive/texmf-dist/tex/latex/pgf/math/pgfmath.sty
(/usr/share/texlive/texmf-dist/tex/generic/pgf/math/pgfmath.code.tex))
(/usr/share/texlive/texmf-dist/tex/generic/pgf/utilities/pgffor.code.tex
Package: pgffor 2023-01-15 v3.1.10 (3.1.10)
\pgffor@iter=\dimen296
\pgffor@skip=\dimen297
\pgffor@stack=\toks47
\pgffor@toks=\toks48
))
(/usr/share/texlive/texmf-dist/tex/generic/pgf/frontendlayer/tikz/tikz.code.tex
Package: tikz 2023-01-15 v3.1.10 (3.1.10)

(/usr/share/texlive/texmf-dist/tex/generic/pgf/libraries/pgflibraryplothandlers
.code.tex
File: pgflibraryplothandlers.code.tex 2023-01-15 v3.1.10 (3.1.10)
\pgf@plot@mark@count=\count312
\pgfplotmarksize=\dimen298
)
\tikz@lastx=\dimen299
\tikz@lasty=\dimen300
\tikz@lastxsaved=\dimen301
\tikz@lastysaved=\dimen302
\tikz@lastmovetox=\dimen303
\tikz@lastmovetoy=\dimen304
\tikzleveldistance=\dimen305
\tikzsiblingdistance=\dimen306
\tikz@figbox=\box120
\tikz@figbox@bg=\box121
\tikz@tempbox=\box122
\tikz@tempbox@bg=\box123
\tikztreelevel=\count313
\tikznumberofchildren=\count314
\tikznumberofcurrentchild=\count315
\tikz@fig@count=\count316

(/usr/share/texlive/texmf-dist/tex/generic/pgf/modules/pgfmodulematrix.code.tex
File: pgfmodulematrix.code.tex 2023-01-15 v3.1.10 (3.1.10)
\pgfmatrixcurrentrow=\count317
\pgfmatrixcurrentcolumn=\count318
\pgf@matrix@numberofcolumns=\count319
)
\tikz@expandcount=\count320

(/usr/share/texlive/texmf-dist/tex/generic/pgf/frontendlayer/tikz/libraries/tik
zlibrarytopaths.code.tex
File: tikzlibrarytopaths.code.tex 2023-01-15 v3.1.10 (3.1.10)
)))
(/usr/share/texlive/texmf-dist/tex/latex/mdframed/md-frame-1.mdf
File: md-frame-1.mdf 2013/07/01\ 1.9b: md-frame-1
)
\mdf@frametitlebox=\box124
\mdf@footnotebox=\box125
\mdf@splitbox@one=\box126
\mdf@splitbox@two=\box127
\mdf@splitbox@save=\box128
\mdfsplitboxwidth=\skip117
\mdfsplitboxtotalwidth=\skip118
\mdfsplitboxheight=\skip119
\mdfsplitboxdepth=\skip120
\mdfsplitboxtotalheight=\skip121
\mdfframetitleboxwidth=\skip122
\mdfframetitleboxtotalwidth=\skip123
\mdfframetitleboxheight=\skip124
\mdfframetitleboxdepth=\skip125
\mdfframetitleboxtotalheight=\skip126
\mdffootnoteboxwidth=\skip127
\mdffootnoteboxtotalwidth=\skip128
\mdffootnoteboxheight=\skip129
\mdffootnoteboxdepth=\skip130
\mdffootnoteboxtotalheight=\skip131
\mdftotallinewidth=\skip132
\mdfboundingboxwidth=\skip133
\mdfboundingboxtotalwidth=\skip134
\mdfboundingboxheight=\skip135
\mdfboundingboxdepth=\skip136
\mdfboundingboxtotalheight=\skip137
\mdf@freevspace@length=\skip138
\mdf@horizontalwidthofbox@length=\skip139
\mdf@verticalmarginwhole@length=\skip140
\mdf@horizontalspaceofbox=\skip141
\mdfsubtitleheight=\skip142
\mdfsubsubtitleheight=\skip143
\c@mdfcountframes=\count321

****** mdframed patching \endmdf@trivlist

****** -- success******

\mdf@envdepth=\count322
\c@mdf@env@i=\count323
\c@mdf@env@ii=\count324
\c@mdf@zref@counter=\count325
Package zref Info: New property: mdf@pagevalue on input line 895.
)
(/usr/share/texlive/texmf-dist/tex/latex/caption/caption.sty
Package: caption 2023/08/05 v3.6o Customizing captions (AR)

(/usr/share/texlive/texmf-dist/tex/latex/caption/caption3.sty
Package: caption3 2023/07/31 v2.4d caption3 kernel (AR)
\caption@tempdima=\dimen307
\captionmargin=\dimen308
\caption@leftmargin=\dimen309
\caption@rightmargin=\dimen310
\caption@width=\dimen311
\caption@indent=\dimen312
\caption@parindent=\dimen313
\caption@hangindent=\dimen314
Package caption Info: Standard document class detected.
)
\c@caption@flags=\count326
\c@continuedfloat=\count327
Package caption Info: longtable package is loaded.

(/usr/share/texlive/texmf-dist/tex/latex/caption/ltcaption.sty
Package: ltcaption 2021/01/08 v1.4c longtable captions (AR)
))
(/usr/share/texlive/texmf-dist/tex/latex/caption/subcaption.sty
Package: subcaption 2023/07/28 v1.6b Sub-captions (AR)
Package caption Info: New subtype `subfigure' on input line 238.
\c@subfigure=\count328
Package caption Info: New subtype `subtable' on input line 238.
\c@subtable=\count329
)
(/usr/share/texlive/texmf-dist/tex/latex/lastpage/lastpage.sty
Package: lastpage 2023/10/14 v2.0e lastpage: 2.09 or 2e? (HMM)

(/usr/share/texlive/texmf-dist/tex/latex/lastpage/lastpage2e.sty
Package: lastpage2e 2023/10/14 v2.0e Decide which 2e lastpage version to use (H
MM)

(/usr/share/texlive/texmf-dist/tex/latex/lastpage/lastpagemodern.sty
Package: lastpagemodern 2023-10-14 v2.0e Refers to last page's name (HMM; JPG)
\c@lastpagecount=\count330
) 
)) (/usr/share/texlive/texmf-dist/tex/latex/tools/enumerate.sty
Package: enumerate 2023/07/04 v3.00 enumerate extensions (DPC)
\@enLab=\toks49
)
(/usr/share/texlive/texmf-dist/tex/latex/fancyvrb/fancyvrb.sty
Package: fancyvrb 2024/01/20 4.5c verbatim text (tvz,hv)
\FV@CodeLineNo=\count331
\FV@InFile=\read3
\FV@TabBox=\box129
\c@FancyVerbLine=\count332
\FV@StepNumber=\count333
\FV@OutFile=\write4
)
(/usr/share/texlive/texmf-dist/tex/latex/framed/framed.sty
Package: framed 2011/10/22 v 0.96: framed or shaded text with page breaks
\OuterFrameSep=\skip144
\fb@frw=\dimen315
\fb@frh=\dimen316
\FrameRule=\dimen317
\FrameSep=\dimen318
)
(/usr/share/texlive/texmf-dist/tex/latex/pdfpages/pdfpages.sty
Package: pdfpages 2024/01/21 v0.5y Insert pages of external PDF documents (AM)

(/usr/share/texlive/texmf-dist/tex/latex/eso-pic/eso-pic.sty
Package: eso-pic 2023/05/03 v3.0c eso-pic (RN)
\ESO@tempdima=\dimen319
\ESO@tempdimb=\dimen320
)
\AM@pagewidth=\dimen321
\AM@pageheight=\dimen322
\AM@fboxrule=\dimen323

(/usr/share/texlive/texmf-dist/tex/latex/pdfpages/pppdftex.def
File: pppdftex.def 2024/01/21 v0.5y Pdfpages driver for pdfTeX (AM)
)
\pdfpages@includegraphics@status=\count334
\AM@pagebox=\box130
\AM@global@opts=\toks50
\AM@pagecnt=\count335
\AM@toc@title=\toks51
\AM@lof@heading=\toks52
\c@AM@survey=\count336
\AM@templatesizebox=\box131
)
(/usr/share/texlive/texmf-dist/tex/latex/float/float.sty
Package: float 2001/11/08 v1.3d Float enhancements (AL)
\c@float@type=\count337
\float@exts=\toks53
\float@box=\box132
\@float@everytoks=\toks54
\@floatcapt=\box133
)
(/usr/share/texlive/texmf-dist/tex/latex/tools/tabularx.sty
Package: tabularx 2023/07/08 v2.11c `tabularx' package (DPC)
\TX@col@width=\dimen324
\TX@old@table=\dimen325
\TX@old@col=\dimen326
\TX@target=\dimen327
\TX@delta=\dimen328
\TX@cols=\count338
\TX@ftn=\toks55
)
(/usr/share/texlive/texmf-dist/tex/latex/multirow/multirow.sty
Package: multirow 2021/03/15 v2.8 Span multiple rows of a table
\multirow@colwidth=\skip145
\multirow@cntb=\count339
\multirow@dima=\skip146
\bigstrutjot=\dimen329
)
(/usr/share/texlive/texmf-dist/tex/latex/graphics/rotating.sty
Package: rotating 2016/08/11 v2.16d rotated objects in LaTeX
\c@r@tfl@t=\count340
\rotFPtop=\skip147
\rotFPbot=\skip148
\rot@float@box=\box134
\rot@mess@toks=\toks56
)
(/usr/share/texlive/texmf-dist/tex/latex/geometry/geometry.sty
Package: geometry 2020/01/02 v5.9 Page Geometry

(/usr/share/texlive/texmf-dist/tex/generic/iftex/ifvtex.sty
Package: ifvtex 2019/10/25 v1.7 ifvtex legacy package. Use iftex instead.
)
\Gm@cnth=\count341
\Gm@cntv=\count342
\c@Gm@tempcnt=\count343
\Gm@bindingoffset=\dimen330
\Gm@wd@mp=\dimen331
\Gm@odd@mp=\dimen332
\Gm@even@mp=\dimen333
\Gm@layoutwidth=\dimen334
\Gm@layoutheight=\dimen335
\Gm@layouthoffset=\dimen336
\Gm@layoutvoffset=\dimen337
\Gm@dimlist=\toks57
)
(/usr/share/texlive/texmf-dist/tex/latex/setspace/setspace.sty
Package: setspace 2022/12/04 v6.7b set line spacing
)
(/usr/share/texlive/texmf-dist/tex/latex/url/url.sty
\Urlmuskip=\muskip17
Package: url 2013/09/16  ver 3.4  Verb mode for urls, etc.
)
(/usr/share/texlive/texmf-dist/tex/generic/pgf/frontendlayer/tikz/libraries/tik
zlibraryarrows.code.tex
File: tikzlibraryarrows.code.tex 2023-01-15 v3.1.10 (3.1.10)

(/usr/share/texlive/texmf-dist/tex/generic/pgf/libraries/pgflibraryarrows.code.
tex
File: pgflibraryarrows.code.tex 2023-01-15 v3.1.10 (3.1.10)
\arrowsize=\dimen338
))
(/usr/share/texlive/texmf-dist/tex/generic/pgf/frontendlayer/tikz/libraries/tik
zlibrarysnakes.code.tex
File: tikzlibrarysnakes.code.tex 2023-01-15 v3.1.10 (3.1.10)


Package pgf Warning: Snakes have been superseded by decorations. Please use the
 decoration libraries instead of the snakes library on input line 14.


(/usr/share/texlive/texmf-dist/tex/generic/pgf/frontendlayer/tikz/libraries/tik
zlibrarydecorations.pathmorphing.code.tex
(/usr/share/texlive/texmf-dist/tex/generic/pgf/frontendlayer/tikz/libraries/tik
zlibrarydecorations.code.tex
(/usr/share/texlive/texmf-dist/tex/generic/pgf/modules/pgfmoduledecorations.cod
e.tex
\pgfdecoratedcompleteddistance=\dimen339
\pgfdecoratedremainingdistance=\dimen340
\pgfdecoratedinputsegmentcompleteddistance=\dimen341
\pgfdecoratedinputsegmentremainingdistance=\dimen342
\pgf@decorate@distancetomove=\dimen343
\pgf@decorate@repeatstate=\count344
\pgfdecorationsegmentamplitude=\dimen344
\pgfdecorationsegmentlength=\dimen345
)
\tikz@lib@dec@box=\box135
)
(/usr/share/texlive/texmf-dist/tex/generic/pgf/libraries/decorations/pgflibrary
decorations.pathmorphing.code.tex))
(/usr/share/texlive/texmf-dist/tex/generic/pgf/frontendlayer/tikz/libraries/tik
zlibrarydecorations.pathreplacing.code.tex
(/usr/share/texlive/texmf-dist/tex/generic/pgf/libraries/decorations/pgflibrary
decorations.pathreplacing.code.tex))
(/usr/share/texlive/texmf-dist/tex/generic/pgf/frontendlayer/tikz/libraries/tik
zlibrarydecorations.shapes.code.tex
(/usr/share/texlive/texmf-dist/tex/generic/pgf/libraries/decorations/pgflibrary
decorations.shapes.code.tex)))
(/usr/share/texlive/texmf-dist/tex/generic/pgf/frontendlayer/tikz/libraries/tik
zlibrarybackgrounds.code.tex
File: tikzlibrarybackgrounds.code.tex 2023-01-15 v3.1.10 (3.1.10)
\pgf@layerbox@background=\box136
\pgf@layerboxsaved@background=\box137
)
(/usr/share/texlive/texmf-dist/tex/generic/pgf/frontendlayer/tikz/libraries/tik
zlibrarycalc.code.tex
File: tikzlibrarycalc.code.tex 2023-01-15 v3.1.10 (3.1.10)
)
(/usr/share/texlive/texmf-dist/tex/latex/hyperref/hyperref.sty
Package: hyperref 2024-01-20 v7.01h Hypertext links for LaTeX

(/usr/share/texlive/texmf-dist/tex/generic/pdfescape/pdfescape.sty
Package: pdfescape 2019/12/09 v1.15 Implements pdfTeX's escape features (HO)
)
(/usr/share/texlive/texmf-dist/tex/latex/hycolor/hycolor.sty
Package: hycolor 2020-01-27 v1.10 Color options for hyperref/bookmark (HO)
)
(/usr/share/texlive/texmf-dist/tex/latex/hyperref/nameref.sty
Package: nameref 2023-11-26 v2.56 Cross-referencing by name of section

(/usr/share/texlive/texmf-dist/tex/latex/refcount/refcount.sty
Package: refcount 2019/12/15 v3.6 Data extraction from label references (HO)
)
(/usr/share/texlive/texmf-dist/tex/generic/gettitlestring/gettitlestring.sty
Package: gettitlestring 2019/12/15 v1.6 Cleanup title references (HO)
)
\c@section@level=\count345
)
\@linkdim=\dimen346
\Hy@linkcounter=\count346
\Hy@pagecounter=\count347

(/usr/share/texlive/texmf-dist/tex/latex/hyperref/pd1enc.def
File: pd1enc.def 2024-01-20 v7.01h Hyperref: PDFDocEncoding definition (HO)
Now handling font encoding PD1 ...
... no UTF-8 mapping file for font encoding PD1
)
(/usr/share/texlive/texmf-dist/tex/generic/intcalc/intcalc.sty
Package: intcalc 2019/12/15 v1.3 Expandable calculations with integers (HO)
)
\Hy@SavedSpaceFactor=\count348

(/usr/share/texlive/texmf-dist/tex/latex/hyperref/puenc.def
File: puenc.def 2024-01-20 v7.01h Hyperref: PDF Unicode definition (HO)
Now handling font encoding PU ...
... no UTF-8 mapping file for font encoding PU
)
Package hyperref Info: Option `unicode' set `true' on input line 4062.
Package hyperref Info: Hyper figures OFF on input line 4179.
Package hyperref Info: Link nesting OFF on input line 4184.
Package hyperref Info: Hyper index ON on input line 4187.
Package hyperref Info: Plain pages OFF on input line 4194.
Package hyperref Info: Backreferencing OFF on input line 4199.
Package hyperref Info: Implicit mode ON; LaTeX internals redefined.
Package hyperref Info: Bookmarks ON on input line 4446.
\c@Hy@tempcnt=\count349
LaTeX Info: Redefining \url on input line 4784.
\XeTeXLinkMargin=\dimen347

(/usr/share/texlive/texmf-dist/tex/generic/bitset/bitset.sty
Package: bitset 2019/12/09 v1.3 Handle bit-vector datatype (HO)

(/usr/share/texlive/texmf-dist/tex/generic/bigintcalc/bigintcalc.sty
Package: bigintcalc 2019/12/15 v1.5 Expandable calculations on big integers (HO
)
))
\Fld@menulength=\count350
\Field@Width=\dimen348
\Fld@charsize=\dimen349
Package hyperref Info: Hyper figures OFF on input line 6063.
Package hyperref Info: Link nesting OFF on input line 6068.
Package hyperref Info: Hyper index ON on input line 6071.
Package hyperref Info: backreferencing OFF on input line 6078.
Package hyperref Info: Link coloring OFF on input line 6083.
Package hyperref Info: Link coloring with OCG OFF on input line 6088.
Package hyperref Info: PDF/A mode OFF on input line 6093.

(/usr/share/texlive/texmf-dist/tex/latex/base/atbegshi-ltx.sty
Package: atbegshi-ltx 2021/01/10 v1.0c Emulation of the original atbegshi
package with kernel methods
)
\Hy@abspage=\count351
\c@Item=\count352
\c@Hfootnote=\count353
)
Package hyperref Info: Driver (autodetected): hpdftex.

(/usr/share/texlive/texmf-dist/tex/latex/hyperref/hpdftex.def
File: hpdftex.def 2024-01-20 v7.01h Hyperref driver for pdfTeX

(/usr/share/texlive/texmf-dist/tex/latex/base/atveryend-ltx.sty
Package: atveryend-ltx 2020/08/19 v1.0a Emulation of the original atveryend pac
kage
with kernel methods
)
\HyAnn@Count=\count354
\Fld@listcount=\count355
\c@bookmark@seq@number=\count356

(/usr/share/texlive/texmf-dist/tex/latex/rerunfilecheck/rerunfilecheck.sty
Package: rerunfilecheck 2022-07-10 v1.10 Rerun checks for auxiliary files (HO)

(/usr/share/texlive/texmf-dist/tex/generic/uniquecounter/uniquecounter.sty
Package: uniquecounter 2019/12/15 v1.4 Provide unlimited unique counter (HO)
)
Package uniquecounter Info: New unique counter `rerunfilecheck' on input line 2
85.
)
\Hy@SectionHShift=\skip149
)
Package hyperref Info: Option `colorlinks' set `true' on input line 81.

(/usr/share/texlive/texmf-dist/tex/latex/listings/listings.sty
\lst@mode=\count357
\lst@gtempboxa=\box138
\lst@token=\toks58
\lst@length=\count358
\lst@currlwidth=\dimen350
\lst@column=\count359
\lst@pos=\count360
\lst@lostspace=\dimen351
\lst@width=\dimen352
\lst@newlines=\count361
\lst@lineno=\count362
\lst@maxwidth=\dimen353

(/usr/share/texlive/texmf-dist/tex/latex/listings/lstmisc.sty
File: lstmisc.sty 2023/02/27 1.9 (Carsten Heinz)
\c@lstnumber=\count363
\lst@skipnumbers=\count364
\lst@framebox=\box139
)
(/usr/share/texlive/texmf-dist/tex/latex/listings/listings.cfg
File: listings.cfg 2023/02/27 1.9 listings configuration
))
Package: listings 2023/02/27 1.9 (Carsten Heinz)

(/usr/share/texlive/texmf-dist/tex/latex/grffile/grffile.sty
Package: grffile 2019/11/11 v2.1 Extended file name support for graphics (legac
y)
Package grffile Info: This package is an empty stub for compatibility on input 
line 40.
)
\c@theorem=\count365
\c@property=\count366
\c@proposition=\count367
\c@exer=\count368
\c@subsubsubsection=\count369
LaTeX Font Info:    Trying to load font information for T5+ptm on input line 17
0.

(/usr/share/texlive/texmf-dist/tex/latex/vntex/t5ptm.fd
File: t5utm.fd 2005/08/24 Fontinst v1.929 font definitions for T5/ptm.
) (./main.aux)
\openout1 = `main.aux'.

LaTeX Font Info:    Checking defaults for OML/cmm/m/it on input line 170.
LaTeX Font Info:    ... okay on input line 170.
LaTeX Font Info:    Checking defaults for OMS/cmsy/m/n on input line 170.
LaTeX Font Info:    ... okay on input line 170.
LaTeX Font Info:    Checking defaults for OT1/cmr/m/n on input line 170.
LaTeX Font Info:    ... okay on input line 170.
LaTeX Font Info:    Checking defaults for T1/cmr/m/n on input line 170.
LaTeX Font Info:    ... okay on input line 170.
LaTeX Font Info:    Checking defaults for TS1/cmr/m/n on input line 170.
LaTeX Font Info:    ... okay on input line 170.
LaTeX Font Info:    Checking defaults for OMX/cmex/m/n on input line 170.
LaTeX Font Info:    ... okay on input line 170.
LaTeX Font Info:    Checking defaults for U/cmr/m/n on input line 170.
LaTeX Font Info:    ... okay on input line 170.
LaTeX Font Info:    Checking defaults for T5/cmr/m/n on input line 170.
LaTeX Font Info:    ... okay on input line 170.
LaTeX Font Info:    Checking defaults for PD1/pdf/m/n on input line 170.
LaTeX Font Info:    ... okay on input line 170.
LaTeX Font Info:    Checking defaults for PU/pdf/m/n on input line 170.
LaTeX Font Info:    ... okay on input line 170.

(/usr/share/texlive/texmf-dist/tex/context/base/mkii/supp-pdf.mkii
[Loading MPS to PDF converter (version 2006.09.02).]
\scratchcounter=\count370
\scratchdimen=\dimen354
\scratchbox=\box140
\nofMPsegments=\count371
\nofMParguments=\count372
\everyMPshowfont=\toks59
\MPscratchCnt=\count373
\MPscratchDim=\dimen355
\MPnumerator=\count374
\makeMPintoPDFobject=\count375
\everyMPtoPDFconversion=\toks60
) (/usr/share/texlive/texmf-dist/tex/latex/epstopdf-pkg/epstopdf-base.sty
Package: epstopdf-base 2020-01-24 v2.11 Base part for package epstopdf
Package epstopdf-base Info: Redefining graphics rule for `.eps' on input line 4
85.

(/usr/share/texlive/texmf-dist/tex/latex/latexconfig/epstopdf-sys.cfg
File: epstopdf-sys.cfg 2010/07/13 v1.3 Configuration of (r)epstopdf for TeX Liv
e
))
Package caption Info: Begin \AtBeginDocument code.
Package caption Info: float package is loaded.
Package caption Info: hyperref package is loaded.
Package caption Info: listings package is loaded.
Package caption Info: rotating package is loaded.
Package caption Info: End \AtBeginDocument code.

(/usr/share/texlive/texmf-dist/tex/latex/pdflscape/pdflscape.sty
Package: pdflscape 2022-10-27 v0.13 Display of landscape pages in PDF

(/usr/share/texlive/texmf-dist/tex/latex/pdflscape/pdflscape-nometadata.sty
Package: pdflscape-nometadata 2022-10-28 v0.13 Display of landscape pages in PD
F (HO)

(/usr/share/texlive/texmf-dist/tex/latex/graphics/lscape.sty
Package: lscape 2020/05/28 v3.02 Landscape Pages (DPC)
)
Package pdflscape Info: Auto-detected driver: pdftex on input line 81.
))
*geometry* driver: auto-detecting
*geometry* detected driver: pdftex
*geometry* verbose mode - [ preamble ] result:
* driver: pdftex
* paper: a4paper
* layout: <same size as paper>
* layoutoffset:(h,v)=(0.0pt,0.0pt)
* modes: 
* h-part:(L,W,R)=(85.35826pt, 455.24408pt, 56.90553pt)
* v-part:(T,H,B)=(85.35826pt, 682.86613pt, 76.82245pt)
* \paperwidth=597.50787pt
* \paperheight=845.04684pt
* \textwidth=455.24408pt
* \textheight=682.86613pt
* \oddsidemargin=13.08827pt
* \evensidemargin=13.08827pt
* \topmargin=-51.91173pt
* \headheight=40.0pt
* \headsep=25.0pt
* \topskip=10.0pt
* \footskip=30.0pt
* \marginparwidth=54.2025pt
* \marginparsep=11.0pt
* \columnsep=10.0pt
* \skip\footins=9.0pt plus 4.0pt minus 2.0pt
* \hoffset=0.0pt
* \voffset=0.0pt
* \mag=1000
* \@twocolumnfalse
* \@twosidefalse
* \@mparswitchfalse
* \@reversemarginfalse
* (1in=72.27pt=25.4mm, 1cm=28.453pt)

Package hyperref Info: Link coloring ON on input line 170.
(./main.out) (./main.out)
\@outlinefile=\write5
\openout5 = `main.out'.

\c@lstlisting=\count376
<Images/hcmut.png, id=1731, 514.3215pt x 491.9178pt>
File: Images/hcmut.png Graphic file (type png)
<use Images/hcmut.png>
Package pdftex.def Info: Images/hcmut.png  used on input line 193.
(pdftex.def)             Requested size: 113.81102pt x 108.85275pt.
LaTeX Font Info:    Trying to load font information for OT1+ztmcm on input line
 198.

(/usr/share/texlive/texmf-dist/tex/latex/psnfss/ot1ztmcm.fd
File: ot1ztmcm.fd 2000/01/03 Fontinst v1.801 font definitions for OT1/ztmcm.
)
LaTeX Font Info:    Trying to load font information for OML+ztmcm on input line
 198.

(/usr/share/texlive/texmf-dist/tex/latex/psnfss/omlztmcm.fd
File: omlztmcm.fd 2000/01/03 Fontinst v1.801 font definitions for OML/ztmcm.
)
LaTeX Font Info:    Trying to load font information for OMS+ztmcm on input line
 198.

(/usr/share/texlive/texmf-dist/tex/latex/psnfss/omsztmcm.fd
File: omsztmcm.fd 2000/01/03 Fontinst v1.801 font definitions for OMS/ztmcm.
)
LaTeX Font Info:    Trying to load font information for OMX+ztmcm on input line
 198.

(/usr/share/texlive/texmf-dist/tex/latex/psnfss/omxztmcm.fd
File: omxztmcm.fd 2000/01/03 Fontinst v1.801 font definitions for OMX/ztmcm.
)
LaTeX Font Info:    Trying to load font information for OT1+ptm on input line 1
98.

(/usr/share/texlive/texmf-dist/tex/latex/psnfss/ot1ptm.fd
File: ot1ptm.fd 2001/06/04 font definitions for OT1/ptm.
)
LaTeX Font Info:    Font shape `OT1/ptm/bx/n' in size <10> not available
(Font)              Font shape `OT1/ptm/b/n' tried instead on input line 198.
LaTeX Font Info:    Font shape `OT1/ptm/bx/n' in size <7.4> not available
(Font)              Font shape `OT1/ptm/b/n' tried instead on input line 198.
LaTeX Font Info:    Font shape `OT1/ptm/bx/n' in size <6> not available
(Font)              Font shape `OT1/ptm/b/n' tried instead on input line 198.
LaTeX Font Info:    Trying to load font information for U+lasy on input line 19
8.

(/usr/share/texlive/texmf-dist/tex/latex/base/ulasy.fd
File: ulasy.fd 1998/08/17 v2.2e LaTeX symbol font definitions
)
LaTeX Font Info:    Font shape `OT1/ptm/bx/n' in size <14.4> not available
(Font)              Font shape `OT1/ptm/b/n' tried instead on input line 210.
LaTeX Font Info:    Font shape `OT1/ptm/bx/n' in size <10.95> not available
(Font)              Font shape `OT1/ptm/b/n' tried instead on input line 210.
LaTeX Font Info:    Font shape `OT1/ptm/bx/n' in size <8> not available
(Font)              Font shape `OT1/ptm/b/n' tried instead on input line 210.
 [1

{/var/lib/texmf/fonts/map/pdftex/updmap/pdftex.map}{/usr/share/texlive/texmf-di
st/fonts/enc/dvips/vntex/t5.enc} <./Images/hcmut.png>] (./main.toc
File: Images/hcmut.png Graphic file (type png)
<use Images/hcmut.png>
Package pdftex.def Info: Images/hcmut.png  used on input line 64.
(pdftex.def)             Requested size: 28.44864pt x 27.20943pt.

pdfTeX warning (ext4): destination with the same identifier (name{page.1}) has 
been already used, duplicate ignored
<to be read again> 
                   \relax 
l.64 ...i gian (Timeout)}{38}{subsubsection.5.0.1}
                                                  % [1]
File: Images/hcmut.png Graphic file (type png)
<use Images/hcmut.png>
Package pdftex.def Info: Images/hcmut.png  used on input line 113.
(pdftex.def)             Requested size: 28.44864pt x 27.20943pt.
 [2]
LaTeX Font Info:    Trying to load font information for T5+cmtt on input line 1
54.

(/usr/share/texlive/texmf-dist/tex/latex/vntex/t5cmtt.fd
File: t5cmtt.fd 1999/05/25 v2.5h Standard LaTeX font definitions
)
File: Images/hcmut.png Graphic file (type png)
<use Images/hcmut.png>
Package pdftex.def Info: Images/hcmut.png  used on input line 163.
(pdftex.def)             Requested size: 28.44864pt x 27.20943pt.
 [3]
LaTeX Info: Symbol \textrightarrow not provided by
            font family ptm in TS1 encoding.
            Default family used instead on input line 212.
File: Images/hcmut.png Graphic file (type png)
<use Images/hcmut.png>
Package pdftex.def Info: Images/hcmut.png  used on input line 217.
(pdftex.def)             Requested size: 28.44864pt x 27.20943pt.
 [4]
LaTeX Info: Symbol \textrightarrow not provided by
            font family ptm in TS1 encoding.
            Default family used instead on input line 238.
File: Images/hcmut.png Graphic file (type png)
<use Images/hcmut.png>
Package pdftex.def Info: Images/hcmut.png  used on input line 268.
(pdftex.def)             Requested size: 28.44864pt x 27.20943pt.
 [5]
LaTeX Info: Symbol \textrightarrow not provided by
            font family ptm in TS1 encoding.
            Default family used instead on input line 287.
File: Images/hcmut.png Graphic file (type png)
<use Images/hcmut.png>
Package pdftex.def Info: Images/hcmut.png  used on input line 322.
(pdftex.def)             Requested size: 28.44864pt x 27.20943pt.
 [6]
File: Images/hcmut.png Graphic file (type png)
<use Images/hcmut.png>
Package pdftex.def Info: Images/hcmut.png  used on input line 376.
(pdftex.def)             Requested size: 28.44864pt x 27.20943pt.

[7]
File: Images/hcmut.png Graphic file (type png)
<use Images/hcmut.png>
Package pdftex.def Info: Images/hcmut.png  used on input line 427.
(pdftex.def)             Requested size: 28.44864pt x 27.20943pt.
 [8])
\tf@toc=\write6
\openout6 = `main.toc'.

File: Images/hcmut.png Graphic file (type png)
<use Images/hcmut.png>
Package pdftex.def Info: Images/hcmut.png  used on input line 228.
(pdftex.def)             Requested size: 28.44864pt x 27.20943pt.
 [9] (./ChuongTrinhThucTap.tex
<form/formD2.pdf, id=2229, 597.6729pt x 845.19763pt>
File: form/formD2.pdf Graphic file (type pdf)
<use form/formD2.pdf>
Package pdftex.def Info: form/formD2.pdf  used on input line 13.
(pdftex.def)             Requested size: 455.24408pt x 643.7884pt.
File: form/formD2.pdf Graphic file (type pdf)
<use form/formD2.pdf>
Package pdftex.def Info: form/formD2.pdf  used on input line 13.
(pdftex.def)             Requested size: 455.24408pt x 643.7884pt.
<form/formD2.pdf, id=2232, page=1, 597.6729pt x 845.19763pt>
File: form/formD2.pdf Graphic file (type pdf)
<use form/formD2.pdf, page 1>
Package pdftex.def Info: form/formD2.pdf , page1 used on input line 13.
(pdftex.def)             Requested size: 597.67143pt x 845.19557pt.
File: form/formD2.pdf Graphic file (type pdf)
<use form/formD2.pdf, page 1>
Package pdftex.def Info: form/formD2.pdf , page1 used on input line 13.
(pdftex.def)             Requested size: 597.69879pt x 845.23425pt.
File: Images/hcmut.png Graphic file (type png)
<use Images/hcmut.png>
Package pdftex.def Info: Images/hcmut.png  used on input line 13.
(pdftex.def)             Requested size: 28.44864pt x 27.20943pt.
 [10]
File: form/formD2.pdf Graphic file (type pdf)
<use form/formD2.pdf, page 1>
Package pdftex.def Info: form/formD2.pdf , page1 used on input line 13.
(pdftex.def)             Requested size: 597.69879pt x 845.23425pt.
File: form/formD2.pdf Graphic file (type pdf)
<use form/formD2.pdf, page 1>
Package pdftex.def Info: form/formD2.pdf , page1 used on input line 13.
(pdftex.def)             Requested size: 597.69879pt x 845.23425pt.
File: form/formD2.pdf Graphic file (type pdf)
<use form/formD2.pdf, page 1>
Package pdftex.def Info: form/formD2.pdf , page1 used on input line 13.
(pdftex.def)             Requested size: 597.69879pt x 845.23425pt.
 [11

 <./form/formD2.pdf>]
<form/formD2.pdf, id=2244, page=2, 597.6729pt x 845.19763pt>
File: form/formD2.pdf Graphic file (type pdf)
<use form/formD2.pdf, page 2>
Package pdftex.def Info: form/formD2.pdf , page2 used on input line 13.
(pdftex.def)             Requested size: 597.69879pt x 845.23425pt.
File: form/formD2.pdf Graphic file (type pdf)
<use form/formD2.pdf, page 2>
Package pdftex.def Info: form/formD2.pdf , page2 used on input line 13.
(pdftex.def)             Requested size: 597.69879pt x 845.23425pt.
File: form/formD2.pdf Graphic file (type pdf)
<use form/formD2.pdf, page 2>
Package pdftex.def Info: form/formD2.pdf , page2 used on input line 13.
(pdftex.def)             Requested size: 597.69879pt x 845.23425pt.
 [12

 <./form/formD2.pdf>]
<form/formD2.pdf, id=2251, page=3, 597.6729pt x 845.19763pt>
File: form/formD2.pdf Graphic file (type pdf)
<use form/formD2.pdf, page 3>
Package pdftex.def Info: form/formD2.pdf , page3 used on input line 13.
(pdftex.def)             Requested size: 597.69879pt x 845.23425pt.
File: form/formD2.pdf Graphic file (type pdf)
<use form/formD2.pdf, page 3>
Package pdftex.def Info: form/formD2.pdf , page3 used on input line 13.
(pdftex.def)             Requested size: 597.69879pt x 845.23425pt.
File: form/formD2.pdf Graphic file (type pdf)
<use form/formD2.pdf, page 3>
Package pdftex.def Info: form/formD2.pdf , page3 used on input line 13.
(pdftex.def)             Requested size: 597.69879pt x 845.23425pt.
 [13

 <./form/formD2.pdf>]
<form/formD2.pdf, id=2257, page=4, 597.6729pt x 845.19763pt>
File: form/formD2.pdf Graphic file (type pdf)
<use form/formD2.pdf, page 4>
Package pdftex.def Info: form/formD2.pdf , page4 used on input line 13.
(pdftex.def)             Requested size: 597.69879pt x 845.23425pt.
File: form/formD2.pdf Graphic file (type pdf)
<use form/formD2.pdf, page 4>
Package pdftex.def Info: form/formD2.pdf , page4 used on input line 13.
(pdftex.def)             Requested size: 597.69879pt x 845.23425pt.
File: form/formD2.pdf Graphic file (type pdf)
<use form/formD2.pdf, page 4>
Package pdftex.def Info: form/formD2.pdf , page4 used on input line 13.
(pdftex.def)             Requested size: 597.69879pt x 845.23425pt.
 [14

 <./form/formD2.pdf>]
<form/formD2.pdf, id=2263, page=5, 597.6729pt x 845.19763pt>
File: form/formD2.pdf Graphic file (type pdf)
<use form/formD2.pdf, page 5>
Package pdftex.def Info: form/formD2.pdf , page5 used on input line 13.
(pdftex.def)             Requested size: 597.69879pt x 845.23425pt.
File: form/formD2.pdf Graphic file (type pdf)
<use form/formD2.pdf, page 5>
Package pdftex.def Info: form/formD2.pdf , page5 used on input line 13.
(pdftex.def)             Requested size: 597.69879pt x 845.23425pt.
File: form/formD2.pdf Graphic file (type pdf)
<use form/formD2.pdf, page 5>
Package pdftex.def Info: form/formD2.pdf , page5 used on input line 13.
(pdftex.def)             Requested size: 597.69879pt x 845.23425pt.
 [15

 <./form/formD2.pdf>]
<form/formD2.pdf, id=2269, page=6, 597.6729pt x 845.19763pt>
File: form/formD2.pdf Graphic file (type pdf)
<use form/formD2.pdf, page 6>
Package pdftex.def Info: form/formD2.pdf , page6 used on input line 13.
(pdftex.def)             Requested size: 597.69879pt x 845.23425pt.
File: form/formD2.pdf Graphic file (type pdf)
<use form/formD2.pdf, page 6>
Package pdftex.def Info: form/formD2.pdf , page6 used on input line 13.
(pdftex.def)             Requested size: 597.69879pt x 845.23425pt.
File: form/formD2.pdf Graphic file (type pdf)
<use form/formD2.pdf, page 6>
Package pdftex.def Info: form/formD2.pdf , page6 used on input line 13.
(pdftex.def)             Requested size: 597.69879pt x 845.23425pt.
 [16

 <./form/formD2.pdf>]
<form/formD2.pdf, id=2275, page=7, 597.6729pt x 845.19763pt>
File: form/formD2.pdf Graphic file (type pdf)
<use form/formD2.pdf, page 7>
Package pdftex.def Info: form/formD2.pdf , page7 used on input line 13.
(pdftex.def)             Requested size: 597.69879pt x 845.23425pt.
File: form/formD2.pdf Graphic file (type pdf)
<use form/formD2.pdf, page 7>
Package pdftex.def Info: form/formD2.pdf , page7 used on input line 13.
(pdftex.def)             Requested size: 597.69879pt x 845.23425pt.
File: form/formD2.pdf Graphic file (type pdf)
<use form/formD2.pdf, page 7>
Package pdftex.def Info: form/formD2.pdf , page7 used on input line 13.
(pdftex.def)             Requested size: 597.69879pt x 845.23425pt.
 [17

 <./form/formD2.pdf>]
<form/formD2.pdf, id=2281, page=8, 597.6729pt x 845.19763pt>
File: form/formD2.pdf Graphic file (type pdf)
<use form/formD2.pdf, page 8>
Package pdftex.def Info: form/formD2.pdf , page8 used on input line 13.
(pdftex.def)             Requested size: 597.69879pt x 845.23425pt.
File: form/formD2.pdf Graphic file (type pdf)
<use form/formD2.pdf, page 8>
Package pdftex.def Info: form/formD2.pdf , page8 used on input line 13.
(pdftex.def)             Requested size: 597.69879pt x 845.23425pt.
File: form/formD2.pdf Graphic file (type pdf)
<use form/formD2.pdf, page 8>
Package pdftex.def Info: form/formD2.pdf , page8 used on input line 13.
(pdftex.def)             Requested size: 597.69879pt x 845.23425pt.
 [18

 <./form/formD2.pdf>]) (./KetQuaXetTuyen.tex
<form/formD3.pdf, id=2300, 597.6729pt x 845.19763pt>
File: form/formD3.pdf Graphic file (type pdf)
<use form/formD3.pdf>
Package pdftex.def Info: form/formD3.pdf  used on input line 13.
(pdftex.def)             Requested size: 455.24408pt x 643.7884pt.
File: form/formD3.pdf Graphic file (type pdf)
<use form/formD3.pdf>
Package pdftex.def Info: form/formD3.pdf  used on input line 13.
(pdftex.def)             Requested size: 455.24408pt x 643.7884pt.
<form/formD3.pdf, id=2303, page=1, 597.6729pt x 845.19763pt>
File: form/formD3.pdf Graphic file (type pdf)
<use form/formD3.pdf, page 1>
Package pdftex.def Info: form/formD3.pdf , page1 used on input line 13.
(pdftex.def)             Requested size: 597.67143pt x 845.19557pt.
File: form/formD3.pdf Graphic file (type pdf)
<use form/formD3.pdf, page 1>
Package pdftex.def Info: form/formD3.pdf , page1 used on input line 13.
(pdftex.def)             Requested size: 597.69879pt x 845.23425pt.
File: Images/hcmut.png Graphic file (type png)
<use Images/hcmut.png>
Package pdftex.def Info: Images/hcmut.png  used on input line 13.
(pdftex.def)             Requested size: 28.44864pt x 27.20943pt.
 [19]
File: form/formD3.pdf Graphic file (type pdf)
<use form/formD3.pdf, page 1>
Package pdftex.def Info: form/formD3.pdf , page1 used on input line 13.
(pdftex.def)             Requested size: 597.69879pt x 845.23425pt.
File: form/formD3.pdf Graphic file (type pdf)
<use form/formD3.pdf, page 1>
Package pdftex.def Info: form/formD3.pdf , page1 used on input line 13.
(pdftex.def)             Requested size: 597.69879pt x 845.23425pt.
File: form/formD3.pdf Graphic file (type pdf)
<use form/formD3.pdf, page 1>
Package pdftex.def Info: form/formD3.pdf , page1 used on input line 13.
(pdftex.def)             Requested size: 597.69879pt x 845.23425pt.
 [20

 <./form/formD3.pdf>]
<form/formD3.pdf, id=2315, page=2, 597.6729pt x 845.19763pt>
File: form/formD3.pdf Graphic file (type pdf)
<use form/formD3.pdf, page 2>
Package pdftex.def Info: form/formD3.pdf , page2 used on input line 13.
(pdftex.def)             Requested size: 597.69879pt x 845.23425pt.
File: form/formD3.pdf Graphic file (type pdf)
<use form/formD3.pdf, page 2>
Package pdftex.def Info: form/formD3.pdf , page2 used on input line 13.
(pdftex.def)             Requested size: 597.69879pt x 845.23425pt.
File: form/formD3.pdf Graphic file (type pdf)
<use form/formD3.pdf, page 2>
Package pdftex.def Info: form/formD3.pdf , page2 used on input line 13.
(pdftex.def)             Requested size: 597.69879pt x 845.23425pt.
 [21

 <./form/formD3.pdf>]
<form/formD3.pdf, id=2321, page=3, 597.6729pt x 845.19763pt>
File: form/formD3.pdf Graphic file (type pdf)
<use form/formD3.pdf, page 3>
Package pdftex.def Info: form/formD3.pdf , page3 used on input line 13.
(pdftex.def)             Requested size: 597.69879pt x 845.23425pt.
File: form/formD3.pdf Graphic file (type pdf)
<use form/formD3.pdf, page 3>
Package pdftex.def Info: form/formD3.pdf , page3 used on input line 13.
(pdftex.def)             Requested size: 597.69879pt x 845.23425pt.
File: form/formD3.pdf Graphic file (type pdf)
<use form/formD3.pdf, page 3>
Package pdftex.def Info: form/formD3.pdf , page3 used on input line 13.
(pdftex.def)             Requested size: 597.69879pt x 845.23425pt.
 [22

 <./form/formD3.pdf>]
<form/formD3.pdf, id=2327, page=4, 597.6729pt x 845.19763pt>
File: form/formD3.pdf Graphic file (type pdf)
<use form/formD3.pdf, page 4>
Package pdftex.def Info: form/formD3.pdf , page4 used on input line 13.
(pdftex.def)             Requested size: 597.69879pt x 845.23425pt.
File: form/formD3.pdf Graphic file (type pdf)
<use form/formD3.pdf, page 4>
Package pdftex.def Info: form/formD3.pdf , page4 used on input line 13.
(pdftex.def)             Requested size: 597.69879pt x 845.23425pt.
File: form/formD3.pdf Graphic file (type pdf)
<use form/formD3.pdf, page 4>
Package pdftex.def Info: form/formD3.pdf , page4 used on input line 13.
(pdftex.def)             Requested size: 597.69879pt x 845.23425pt.
 [23

 <./form/formD3.pdf>]
<form/formD3.pdf, id=2333, page=5, 597.6729pt x 845.07718pt>
File: form/formD3.pdf Graphic file (type pdf)
<use form/formD3.pdf, page 5>
Package pdftex.def Info: form/formD3.pdf , page5 used on input line 13.
(pdftex.def)             Requested size: 597.69879pt x 845.1138pt.
File: form/formD3.pdf Graphic file (type pdf)
<use form/formD3.pdf, page 5>
Package pdftex.def Info: form/formD3.pdf , page5 used on input line 13.
(pdftex.def)             Requested size: 597.69879pt x 845.1138pt.
File: form/formD3.pdf Graphic file (type pdf)
<use form/formD3.pdf, page 5>
Package pdftex.def Info: form/formD3.pdf , page5 used on input line 13.
(pdftex.def)             Requested size: 597.69879pt x 845.1138pt.
 [24

 <./form/formD3.pdf>]
<form/formD3.pdf, id=2342, page=6, 597.6729pt x 845.19763pt>
File: form/formD3.pdf Graphic file (type pdf)
<use form/formD3.pdf, page 6>
Package pdftex.def Info: form/formD3.pdf , page6 used on input line 13.
(pdftex.def)             Requested size: 597.69879pt x 845.23425pt.
File: form/formD3.pdf Graphic file (type pdf)
<use form/formD3.pdf, page 6>
Package pdftex.def Info: form/formD3.pdf , page6 used on input line 13.
(pdftex.def)             Requested size: 597.69879pt x 845.23425pt.
File: form/formD3.pdf Graphic file (type pdf)
<use form/formD3.pdf, page 6>
Package pdftex.def Info: form/formD3.pdf , page6 used on input line 13.
(pdftex.def)             Requested size: 597.69879pt x 845.23425pt.
 [25

 <./form/formD3.pdf>]) (./generated/content_body_vi.tex
(./generated/vi/1_Worklog_1_1_Week1.tex
LaTeX Font Info:    Trying to load font information for TS1+ptm on input line 7
.

(/usr/share/texlive/texmf-dist/tex/latex/psnfss/ts1ptm.fd
File: ts1ptm.fd 2001/06/04 font definitions for TS1/ptm.
)
Overfull \hbox (9.61499pt too wide) in paragraph at lines 34--35
[]\T5/ptm/m/n/9 Th˘  
 []


Overfull \hbox (20.95395pt too wide) in paragraph at lines 50--50
[]|\T5/ptm/m/n/9 02/06/2026|  
 []


Overfull \hbox (15.94637pt too wide) in paragraph at lines 50--50
[]|\T5/ptm/m/n/9 02/06/2026|  
 []


Overfull \hbox (20.95395pt too wide) in paragraph at lines 54--54
[]|\T5/ptm/m/n/9 03/06/2026|  
 []


Overfull \hbox (15.94637pt too wide) in paragraph at lines 54--54
[]|\T5/ptm/m/n/9 03/06/2026|  
 []

LaTeX Font Info:    Font shape `OT1/ptm/bx/n' in size <9> not available
(Font)              Font shape `OT1/ptm/b/n' tried instead on input line 55.
LaTeX Font Info:    Font shape `OT1/ptm/bx/n' in size <7> not available
(Font)              Font shape `OT1/ptm/b/n' tried instead on input line 55.
LaTeX Font Info:    Font shape `OT1/ptm/bx/n' in size <5> not available
(Font)              Font shape `OT1/ptm/b/n' tried instead on input line 55.

Overfull \hbox (20.95395pt too wide) in paragraph at lines 57--57
[]|\T5/ptm/m/n/9 04/06/2026|  
 []


Overfull \hbox (15.94637pt too wide) in paragraph at lines 57--58
[]|\T5/ptm/m/n/9 04/06/2026|  
 []


Overfull \hbox (20.95395pt too wide) in paragraph at lines 61--61
[]|\T5/ptm/m/n/9 05/06/2026|  
 []


Overfull \hbox (15.94637pt too wide) in paragraph at lines 61--61
[]|\T5/ptm/m/n/9 05/06/2026|  
 []


Overfull \hbox (20.95395pt too wide) in paragraph at lines 65--65
[]|\T5/ptm/m/n/9 06/06/2026|  
 []


Overfull \hbox (15.94637pt too wide) in paragraph at lines 66--66
[]|\T5/ptm/m/n/9 06/06/2026|  
 []

) (./generated/vi/1_Worklog_1_2_Week2.tex
File: Images/hcmut.png Graphic file (type png)
<use Images/hcmut.png>
Package pdftex.def Info: Images/hcmut.png  used on input line 9.
(pdftex.def)             Requested size: 28.44864pt x 27.20943pt.
 [26{/usr/share/texlive/texmf-dist/fonts/enc/dvips/base/8r.enc}]
pdfTeX warning (ext4): destination with the same identifier (name{cuxe1c-cuxf4n
g-viux1ec7c-cux1ea7n-triux1ec3n-khai-trong-tuux1ea7n-nux\ETC.}) has been alread
y used, duplicate ignored
<to be read again> 
                   \relax 
l.18 n√†y:}}
            
Overfull \hbox (9.39784pt too wide) in paragraph at lines 32--33
[]\T5/ptm/m/n/9 Th˘  
 []


Overfull \hbox (20.04587pt too wide) in paragraph at lines 48--48
[]|\T5/ptm/m/n/9 09/06/2026|  
 []


Overfull \hbox (14.82773pt too wide) in paragraph at lines 48--48
[]|\T5/ptm/m/n/9 09/06/2026|  
 []


Overfull \hbox (20.04587pt too wide) in paragraph at lines 51--51
[]|\T5/ptm/m/n/9 10/06/2026|  
 []


Overfull \hbox (14.82773pt too wide) in paragraph at lines 51--51
[]|\T5/ptm/m/n/9 10/06/2026|  
 []


Overfull \hbox (20.04587pt too wide) in paragraph at lines 55--55
[]|\T5/ptm/m/n/9 11/06/2026|  
 []


Overfull \hbox (14.82773pt too wide) in paragraph at lines 56--56
[]|\T5/ptm/m/n/9 11/06/2026|  
 []


Overfull \hbox (20.04587pt too wide) in paragraph at lines 59--59
[]|\T5/ptm/m/n/9 12/06/2026|  
 []


Overfull \hbox (14.82773pt too wide) in paragraph at lines 59--59
[]|\T5/ptm/m/n/9 12/06/2026|  
 []


Overfull \hbox (20.04587pt too wide) in paragraph at lines 63--63
[]|\T5/ptm/m/n/9 13/06/2026|  
 []


Overfull \hbox (14.82773pt too wide) in paragraph at lines 63--63
[]|\T5/ptm/m/n/9 13/06/2026|  
 []

) (./generated/vi/1_Worklog_1_3_Week3.tex
File: Images/hcmut.png Graphic file (type png)
<use Images/hcmut.png>
Package pdftex.def Info: Images/hcmut.png  used on input line 10.
(pdftex.def)             Requested size: 28.44864pt x 27.20943pt.
 [27]
pdfTeX warning (ext4): destination with the same identifier (name{cuxe1c-cuxf4n
g-viux1ec7c-cux1ea7n-triux1ec3n-khai-trong-tuux1ea7n-nux\ETC.}) has been alread
y used, duplicate ignored
<to be read again> 
                   \relax 
l.20 n√†y:}}
            
Overfull \hbox (9.48338pt too wide) in paragraph at lines 34--35
[]\T5/ptm/m/n/9 Th˘  
 []


Overfull \hbox (20.5657pt too wide) in paragraph at lines 52--52
[]|\T5/ptm/m/n/9 16/06/2026|  
 []


Overfull \hbox (15.4331pt too wide) in paragraph at lines 52--52
[]|\T5/ptm/m/n/9 16/06/2026|  
 []


Overfull \hbox (20.5657pt too wide) in paragraph at lines 55--55
[]|\T5/ptm/m/n/9 17/06/2026|  
 []


Overfull \hbox (15.4331pt too wide) in paragraph at lines 55--55
[]|\T5/ptm/m/n/9 17/06/2026|  
 []


Overfull \hbox (20.5657pt too wide) in paragraph at lines 61--61
[]|\T5/ptm/m/n/9 18/06/2026|  
 []


Overfull \hbox (15.4331pt too wide) in paragraph at lines 61--61
[]|\T5/ptm/m/n/9 18/06/2026|  
 []


Overfull \hbox (20.5657pt too wide) in paragraph at lines 67--67
[]|\T5/ptm/m/n/9 19/06/2026|  
 []


Overfull \hbox (15.4331pt too wide) in paragraph at lines 67--67
[]|\T5/ptm/m/n/9 19/06/2026|  
 []


Overfull \hbox (20.5657pt too wide) in paragraph at lines 70--70
[]|\T5/ptm/m/n/9 20/06/2026|  
 []


Overfull \hbox (15.4331pt too wide) in paragraph at lines 70--70
[]|\T5/ptm/m/n/9 20/06/2026|  
 []


Underfull \hbox (badness 10000) in paragraph at lines 93--95
[]\T5/ptm/b/n/10 Custom set-tings\T5/ptm/m/n/10 : CON-CUR-RENT_REQUESTS=16 (Win
-dows) / 32 (Linux), DOWN-
 []

File: Images/hcmut.png Graphic file (type png)
<use Images/hcmut.png>
Package pdftex.def Info: Images/hcmut.png  used on input line 149.
(pdftex.def)             Requested size: 28.44864pt x 27.20943pt.
[28]) (./generated/vi/1_Worklog_1_4_Week4.tex
pdfTeX warning (ext4): destination with the same identifier (name{cuxe1c-cuxf4n
g-viux1ec7c-cux1ea7n-triux1ec3n-khai-trong-tuux1ea7n-nux\ETC.}) has been alread
y used, duplicate ignored
<to be read again> 
                   \relax 
l.18 n√†y:}}
            
Overfull \hbox (9.48338pt too wide) in paragraph at lines 32--33
[]\T5/ptm/m/n/9 Th˘  
 []


Overfull \hbox (20.5657pt too wide) in paragraph at lines 50--50
[]|\T5/ptm/m/n/9 23/06/2026|  
 []


Overfull \hbox (15.4331pt too wide) in paragraph at lines 50--50
[]|\T5/ptm/m/n/9 23/06/2026|  
 []


Overfull \hbox (20.5657pt too wide) in paragraph at lines 55--55
[]|\T5/ptm/m/n/9 24/06/2026|  
 []


Overfull \hbox (15.4331pt too wide) in paragraph at lines 55--55
[]|\T5/ptm/m/n/9 24/06/2026|  
 []


Overfull \hbox (20.5657pt too wide) in paragraph at lines 59--59
[]|\T5/ptm/m/n/9 25/06/2026|  
 []


Overfull \hbox (15.4331pt too wide) in paragraph at lines 59--59
[]|\T5/ptm/m/n/9 25/06/2026|  
 []


Overfull \hbox (20.5657pt too wide) in paragraph at lines 65--65
[]|\T5/ptm/m/n/9 26/06/2026|  
 []


Overfull \hbox (15.4331pt too wide) in paragraph at lines 65--65
[]|\T5/ptm/m/n/9 26/06/2026|  
 []


Overfull \hbox (20.5657pt too wide) in paragraph at lines 68--68
[]|\T5/ptm/m/n/9 27/06/2026|  
 []


Overfull \hbox (15.4331pt too wide) in paragraph at lines 68--68
[]|\T5/ptm/m/n/9 27/06/2026|  
 []

LaTeX Font Info:    Font shape `T5/cmtt/bx/n' in size <9> not available
(Font)              Font shape `T5/cmtt/m/n' tried instead on input line 82.
File: Images/hcmut.png Graphic file (type png)
<use Images/hcmut.png>
Package pdftex.def Info: Images/hcmut.png  used on input line 120.
(pdftex.def)             Requested size: 28.44864pt x 27.20943pt.
[29]) (./generated/vi/1_Worklog_1_5_Week5.tex
pdfTeX warning (ext4): destination with the same identifier (name{cuxe1c-cuxf4n
g-viux1ec7c-cux1ea7n-triux1ec3n-khai-trong-tuux1ea7n-nux\ETC.}) has been alread
y used, duplicate ignored
<to be read again> 
                   \relax 
l.20 n√†y:}}
            
Overfull \hbox (9.48338pt too wide) in paragraph at lines 34--35
[]\T5/ptm/m/n/9 Th˘  
 []


Overfull \hbox (20.5657pt too wide) in paragraph at lines 51--51
[]|\T5/ptm/m/n/9 30/06/2026|  
 []


Overfull \hbox (15.4331pt too wide) in paragraph at lines 51--51
[]|\T5/ptm/m/n/9 30/06/2026|  
 []

LaTeX Font Info:    Trying to load font information for TS1+cmtt on input line 
55.
(/usr/share/texlive/texmf-dist/tex/latex/base/ts1cmtt.fd
File: ts1cmtt.fd 2023/04/13 v2.5m Standard LaTeX font definitions
)
Overfull \hbox (20.5657pt too wide) in paragraph at lines 57--57
[]|\T5/ptm/m/n/9 01/07/2026|  
 []


Overfull \hbox (15.4331pt too wide) in paragraph at lines 57--57
[]|\T5/ptm/m/n/9 01/07/2026|  
 []


Overfull \hbox (20.5657pt too wide) in paragraph at lines 61--61
[]|\T5/ptm/m/n/9 02/07/2026|  
 []


Overfull \hbox (15.4331pt too wide) in paragraph at lines 61--61
[]|\T5/ptm/m/n/9 02/07/2026|  
 []


Overfull \hbox (20.5657pt too wide) in paragraph at lines 65--65
[]|\T5/ptm/m/n/9 03/07/2026|  
 []


Overfull \hbox (15.4331pt too wide) in paragraph at lines 65--66
[]|\T5/ptm/m/n/9 03/07/2026|  
 []


Overfull \hbox (20.5657pt too wide) in paragraph at lines 72--72
[]|\T5/ptm/m/n/9 04/07/2026|  
 []


Overfull \hbox (15.4331pt too wide) in paragraph at lines 72--72
[]|\T5/ptm/m/n/9 04/07/2026|  
 []

File: Images/hcmut.png Graphic file (type png)
<use Images/hcmut.png>
Package pdftex.def Info: Images/hcmut.png  used on input line 130.
(pdftex.def)             Requested size: 28.44864pt x 27.20943pt.
[30]) (./generated/vi/1_Worklog_1_6_Week6.tex
pdfTeX warning (ext4): destination with the same identifier (name{cuxe1c-cuxf4n
g-viux1ec7c-cux1ea7n-triux1ec3n-khai-trong-tuux1ea7n-nux\ETC.}) has been alread
y used, duplicate ignored
<to be read again> 
                   \relax 
l.19 n√†y:}}
            
Overfull \hbox (9.48338pt too wide) in paragraph at lines 33--34
[]\T5/ptm/m/n/9 Th˘  
 []


Overfull \hbox (20.5657pt too wide) in paragraph at lines 51--51
[]|\T5/ptm/m/n/9 07/07/2026|  
 []


Overfull \hbox (15.4331pt too wide) in paragraph at lines 51--51
[]|\T5/ptm/m/n/9 07/07/2026|  
 []


Overfull \hbox (20.5657pt too wide) in paragraph at lines 55--55
[]|\T5/ptm/m/n/9 08/07/2026|  
 []


Overfull \hbox (15.4331pt too wide) in paragraph at lines 55--55
[]|\T5/ptm/m/n/9 08/07/2026|  
 []


Overfull \hbox (20.5657pt too wide) in paragraph at lines 61--61
[]|\T5/ptm/m/n/9 09/07/2026|  
 []


Overfull \hbox (15.4331pt too wide) in paragraph at lines 61--61
[]|\T5/ptm/m/n/9 09/07/2026|  
 []


Overfull \hbox (20.5657pt too wide) in paragraph at lines 66--66
[]|\T5/ptm/m/n/9 10/07/2026|  
 []


Overfull \hbox (15.4331pt too wide) in paragraph at lines 66--66
[]|\T5/ptm/m/n/9 10/07/2026|  
 []


Overfull \hbox (20.5657pt too wide) in paragraph at lines 70--70
[]|\T5/ptm/m/n/9 11/07/2026|  
 []


Overfull \hbox (15.4331pt too wide) in paragraph at lines 70--70
[]|\T5/ptm/m/n/9 11/07/2026|  
 []

File: Images/hcmut.png Graphic file (type png)
<use Images/hcmut.png>
Package pdftex.def Info: Images/hcmut.png  used on input line 118.
(pdftex.def)             Requested size: 28.44864pt x 27.20943pt.
[31]) (./generated/vi/1_Worklog_1_7_Week7.tex
pdfTeX warning (ext4): destination with the same identifier (name{cuxe1c-cuxf4n
g-viux1ec7c-cux1ea7n-triux1ec3n-khai-trong-tuux1ea7n-nux\ETC.}) has been alread
y used, duplicate ignored
<to be read again> 
                   \relax 
l.20 n√†y:}}
            
Overfull \hbox (9.48338pt too wide) in paragraph at lines 34--35
[]\T5/ptm/m/n/9 Th˘  
 []


Overfull \hbox (20.5657pt too wide) in paragraph at lines 52--52
[]|\T5/ptm/m/n/9 14/07/2026|  
 []


Overfull \hbox (15.4331pt too wide) in paragraph at lines 52--52
[]|\T5/ptm/m/n/9 14/07/2026|  
 []


Overfull \hbox (20.5657pt too wide) in paragraph at lines 56--56
[]|\T5/ptm/m/n/9 15/07/2026|  
 []


Overfull \hbox (15.4331pt too wide) in paragraph at lines 57--57
[]|\T5/ptm/m/n/9 15/07/2026|  
 []


Overfull \hbox (20.5657pt too wide) in paragraph at lines 62--62
[]|\T5/ptm/m/n/9 16/07/2026|  
 []


Overfull \hbox (15.4331pt too wide) in paragraph at lines 62--62
[]|\T5/ptm/m/n/9 16/07/2026|  
 []


Overfull \hbox (20.5657pt too wide) in paragraph at lines 67--67
[]|\T5/ptm/m/n/9 17/07/2026|  
 []


Overfull \hbox (15.4331pt too wide) in paragraph at lines 67--67
[]|\T5/ptm/m/n/9 17/07/2026|  
 []


Overfull \hbox (20.5657pt too wide) in paragraph at lines 71--71
[]|\T5/ptm/m/n/9 18/07/2026|  
 []


Overfull \hbox (15.4331pt too wide) in paragraph at lines 71--71
[]|\T5/ptm/m/n/9 18/07/2026|  
 []

File: Images/hcmut.png Graphic file (type png)
<use Images/hcmut.png>
Package pdftex.def Info: Images/hcmut.png  used on input line 112.
(pdftex.def)             Requested size: 28.44864pt x 27.20943pt.
[32]) (./generated/vi/1_Worklog_1_8_Week8.tex
pdfTeX warning (ext4): destination with the same identifier (name{cuxe1c-cuxf4n
g-viux1ec7c-cux1ea7n-triux1ec3n-khai-trong-tuux1ea7n-nux\ETC.}) has been alread
y used, duplicate ignored
<to be read again> 
                   \relax 
l.19 n√†y:}}
            
Overfull \hbox (9.48338pt too wide) in paragraph at lines 33--34
[]\T5/ptm/m/n/9 Th˘  
 []


Overfull \hbox (20.5657pt too wide) in paragraph at lines 49--49
[]|\T5/ptm/m/n/9 21/07/2026|  
 []


Overfull \hbox (15.4331pt too wide) in paragraph at lines 49--49
[]|\T5/ptm/m/n/9 21/07/2026|  
 []


Overfull \hbox (20.5657pt too wide) in paragraph at lines 56--56
[]|\T5/ptm/m/n/9 22/07/2026|  
 []


Overfull \hbox (15.4331pt too wide) in paragraph at lines 56--56
[]|\T5/ptm/m/n/9 22/07/2026|  
 []


Overfull \hbox (20.5657pt too wide) in paragraph at lines 61--61
[]|\T5/ptm/m/n/9 23/07/2026|  
 []


Overfull \hbox (15.4331pt too wide) in paragraph at lines 61--61
[]|\T5/ptm/m/n/9 23/07/2026|  
 []


Overfull \hbox (20.5657pt too wide) in paragraph at lines 64--64
[]|\T5/ptm/m/n/9 24/07/2026|  
 []


Overfull \hbox (15.4331pt too wide) in paragraph at lines 64--64
[]|\T5/ptm/m/n/9 24/07/2026|  
 []


Overfull \hbox (20.5657pt too wide) in paragraph at lines 67--67
[]|\T5/ptm/m/n/9 25/07/2026|  
 []


Overfull \hbox (15.4331pt too wide) in paragraph at lines 67--67
[]|\T5/ptm/m/n/9 25/07/2026|  
 []

File: Images/hcmut.png Graphic file (type png)
<use Images/hcmut.png>
Package pdftex.def Info: Images/hcmut.png  used on input line 128.
(pdftex.def)             Requested size: 28.44864pt x 27.20943pt.
[33])
File: Images/hcmut.png Graphic file (type png)
<use Images/hcmut.png>
Package pdftex.def Info: Images/hcmut.png  used on input line 33.
(pdftex.def)             Requested size: 28.44864pt x 27.20943pt.
 [34] (./generated/vi/2_Proposal.tex
<../static/images/5-Workshop/5.1-Workshop-overview/architecture.png, id=2452, 1
658.195pt x 1045.9075pt>
File: ../static/images/5-Workshop/5.1-Workshop-overview/architecture.png Graphi
c file (type png)
<use ../static/images/5-Workshop/5.1-Workshop-overview/architecture.png>
Package pdftex.def Info: ../static/images/5-Workshop/5.1-Workshop-overview/arch
itecture.png  used on input line 75.
(pdftex.def)             Requested size: 455.24408pt x 287.13869pt.
File: Images/hcmut.png Graphic file (type png)
<use Images/hcmut.png>
Package pdftex.def Info: Images/hcmut.png  used on input line 126.
(pdftex.def)             Requested size: 28.44864pt x 27.20943pt.
 [35]
File: Images/hcmut.png Graphic file (type png)
<use Images/hcmut.png>
Package pdftex.def Info: Images/hcmut.png  used on input line 197.
(pdftex.def)             Requested size: 28.44864pt x 27.20943pt.
 [36 <../static/images/5-Workshop/5.1-Workshop-overview/architecture.png>])
File: Images/hcmut.png Graphic file (type png)
<use Images/hcmut.png>
Package pdftex.def Info: Images/hcmut.png  used on input line 39.
(pdftex.def)             Requested size: 28.44864pt x 27.20943pt.
 [37]
(./generated/vi/3_BlogsPosted_3_1_Blog1.tex

Package hyperref Warning: Difference (2) between bookmark levels is greater 
(hyperref)                than one, level fixed on input line 13.

) (./generated/vi/3_BlogsPosted_3_2_Blog2.tex

Package hyperref Warning: Difference (2) between bookmark levels is greater 
(hyperref)                than one, level fixed on input line 15.

File: Images/hcmut.png Graphic file (type png)
<use Images/hcmut.png>
Package pdftex.def Info: Images/hcmut.png  used on input line 25.
(pdftex.def)             Requested size: 28.44864pt x 27.20943pt.
[38]) (./generated/vi/3_BlogsPosted_3_3_Blog3.tex

Package hyperref Warning: Difference (2) between bookmark levels is greater 
(hyperref)                than one, level fixed on input line 16.


Underfull \hbox (badness 1484) in paragraph at lines 18--22
\T5/ptm/m/n/10 Thay vº ph£i t¸ host c°c model nh˜ Hug-ging-Face Sen-tence-Trans
-former tr∂n EC2 (rßt tËn k≤m GPU)
 []


Underfull \hbox (badness 4899) in paragraph at lines 18--22
\T5/ptm/m/n/10 ho∞c Lambda (ch§y ch™m v† dπ cold-start), chÛng tÊi s˚ dˆng \T5/
ptm/b/n/10 Ama-zon Bedrock \T5/ptm/m/n/10 vÓi mÊ hºnh
 []

LaTeX Font Info:    Font shape `T5/cmtt/bx/n' in size <10> not available
(Font)              Font shape `T5/cmtt/m/n' tried instead on input line 43.
)
File: Images/hcmut.png Graphic file (type png)
<use Images/hcmut.png>
Package pdftex.def Info: Images/hcmut.png  used on input line 51.
(pdftex.def)             Requested size: 28.44864pt x 27.20943pt.
 [39]
File: Images/hcmut.png Graphic file (type png)
<use Images/hcmut.png>
Package pdftex.def Info: Images/hcmut.png  used on input line 52.
(pdftex.def)             Requested size: 28.44864pt x 27.20943pt.
 [40] (./generated/vi/4_EventParticipated_4_1_Event1.tex
File: Images/hcmut.png Graphic file (type png)
<use Images/hcmut.png>
Package pdftex.def Info: Images/hcmut.png  used on input line 107.
(pdftex.def)             Requested size: 28.44864pt x 27.20943pt.
 [41])
(./generated/vi/4_EventParticipated_4_2_Event2.tex
pdfTeX warning (ext4): destination with the same identifier (name{mux1ee5c-tiux
eau-sux1ef1-kiux1ec7n}) has been already used, duplicate ignored
<to be read again> 
                   \relax 
l.8 ki·ªán}}
            
File: Images/hcmut.png Graphic file (type png)
<use Images/hcmut.png>
Package pdftex.def Info: Images/hcmut.png  used on input line 17.
(pdftex.def)             Requested size: 28.44864pt x 27.20943pt.
 [42]
pdfTeX warning (ext4): destination with the same identifier (name{diux1ec5n-giu
x1ea3-khuxe1ch-mux1eddi}) has been already used, duplicate ignored
<to be read again> 
                   \relax 
l.24 m·ªùi}}
            
pdfTeX warning (ext4): destination with the same identifier (name{nhux1eefng-ux
111iux1ec3m-nhux1ea5n-quan-trux1ecdng-key-highlights}) has been already used, d
uplicate ignored
<to be read again> 
                   \relax 
l.42 Highlights)}}
                  
pdfTeX warning (ext4): destination with the same identifier (name{buxe0i-hux1ec
dc-ux111uxfac-kux1ebft-key-takeaways}) has been already used, duplicate ignored

<to be read again> 
                   \relax 
l.90 Takeaways)}}
                 
File: Images/hcmut.png Graphic file (type png)
<use Images/hcmut.png>
Package pdftex.def Info: Images/hcmut.png  used on input line 116.
(pdftex.def)             Requested size: 28.44864pt x 27.20943pt.
 [43]
pdfTeX warning (ext4): destination with the same identifier (name{ux1ee9ng-dux1
ee5ng-vuxe0o-thux1ef1c-tux1ebf-applying-to-work}) has been already used, duplic
ate ignored
<to be read again> 
                   \relax 
l.141 Work)}}
             
pdfTeX warning (ext4): destination with the same identifier (name{trux1ea3i-ngh
iux1ec7m-khuxf3a-hux1ecdc-event-experience}) has been already used, duplicate i
gnored
<to be read again> 
                   \relax 
l.167 Experience)}}
                   
pdfTeX warning (ext4): destination with the same identifier (name{tux1ed5ng-kux
1ebft-lessons-learned}) has been already used, duplicate ignored
<to be read again> 
                   \relax 
l.194 Learned)}}
                ) (./generated/vi/4_EventParticipated_4_3_Event3.tex
pdfTeX warning (ext4): destination with the same identifier (name{mux1ee5c-tiux
eau-sux1ef1-kiux1ec7n}) has been already used, duplicate ignored
<to be read again> 
                   \relax 
l.8 ki·ªán}}
            
File: Images/hcmut.png Graphic file (type png)
<use Images/hcmut.png>
Package pdftex.def Info: Images/hcmut.png  used on input line 17.
(pdftex.def)             Requested size: 28.44864pt x 27.20943pt.
 [44]
pdfTeX warning (ext4): destination with the same identifier (name{nhux1eefng-ux
111iux1ec3m-nhux1ea5n-quan-trux1ecdng-key-highlights}) has been already used, d
uplicate ignored
<to be read again> 
                   \relax 
l.48 Highlights)}}
                  
pdfTeX warning (ext4): destination with the same identifier (name{buxe0i-hux1ec
dc-ux111uxfac-kux1ebft-key-takeaways}) has been already used, duplicate ignored

<to be read again> 
                   \relax 
l.83 Takeaways)}}
                 
File: Images/hcmut.png Graphic file (type png)
<use Images/hcmut.png>
Package pdftex.def Info: Images/hcmut.png  used on input line 107.
(pdftex.def)             Requested size: 28.44864pt x 27.20943pt.
 [45]
pdfTeX warning (ext4): destination with the same identifier (name{ux1ee9ng-dux1
ee5ng-vuxe0o-thux1ef1c-tux1ebf-applying-to-work}) has been already used, duplic
ate ignored
<to be read again> 
                   \relax 
l.129 Work)}}
             
pdfTeX warning (ext4): destination with the same identifier (name{trux1ea3i-ngh
iux1ec7m-khuxf3a-hux1ecdc-event-experience}) has been already used, duplicate i
gnored
<to be read again> 
                   \relax 
l.157 Experience)}}
                   
pdfTeX warning (ext4): destination with the same identifier (name{tux1ed5ng-kux
1ebft-lessons-learned}) has been already used, duplicate ignored
<to be read again> 
                   \relax 
l.184 Learned)}}
                
<../static/images/event3.jpg, id=2588, 1606.0pt x 1204.5pt>
File: ../static/images/event3.jpg Graphic file (type jpg)
<use ../static/images/event3.jpg>
Package pdftex.def Info: ../static/images/event3.jpg  used on input line 208.
(pdftex.def)             Requested size: 455.24408pt x 341.42978pt.
)
File: Images/hcmut.png Graphic file (type png)
<use Images/hcmut.png>
Package pdftex.def Info: Images/hcmut.png  used on input line 65.
(pdftex.def)             Requested size: 28.44864pt x 27.20943pt.
 [46]
File: Images/hcmut.png Graphic file (type png)
<use Images/hcmut.png>
Package pdftex.def Info: Images/hcmut.png  used on input line 65.
(pdftex.def)             Requested size: 28.44864pt x 27.20943pt.
 [47 <../static/images/event3.jpg>]
(./generated/vi/5_Workshop_5_1_Workshop_overview.tex
File: ../static/images/5-Workshop/5.1-Workshop-overview/architecture.png Graphi
c file (type png)
<use ../static/images/5-Workshop/5.1-Workshop-overview/architecture.png>
Package pdftex.def Info: ../static/images/5-Workshop/5.1-Workshop-overview/arch
itecture.png  used on input line 17.
(pdftex.def)             Requested size: 455.24408pt x 287.13869pt.
File: Images/hcmut.png Graphic file (type png)
<use Images/hcmut.png>
Package pdftex.def Info: Images/hcmut.png  used on input line 98.
(pdftex.def)             Requested size: 28.44864pt x 27.20943pt.
 [48]
File: Images/hcmut.png Graphic file (type png)
<use Images/hcmut.png>
Package pdftex.def Info: Images/hcmut.png  used on input line 217.
(pdftex.def)             Requested size: 28.44864pt x 27.20943pt.
 [49]
Underfull \hbox (badness 1052) in paragraph at lines 221--224
[]\T5/ptm/b/n/10 Nguy∂n t≠c quan trÂng: \T5/ptm/m/n/10 ETL v† RAG API \T5/ptm/b
/n/10 b≠t buÎc dÚng cÚng mÎt em-bed-ding model
 []

) (./generated/vi/5_Workshop_5_2_Prerequisites.tex
pdfTeX warning (ext4): destination with the same identifier (name{ux111iux1ec1u
-kiux1ec7n-tiuxean-quyux1ebft}) has been already used, duplicate ignored
<to be read again> 
                   \relax 
l.3 quy·∫øt}}
             
File: Images/hcmut.png Graphic file (type png)
<use Images/hcmut.png>
Package pdftex.def Info: Images/hcmut.png  used on input line 78.
(pdftex.def)             Requested size: 28.44864pt x 27.20943pt.
 [50]
File: Images/hcmut.png Graphic file (type png)
<use Images/hcmut.png>
Package pdftex.def Info: Images/hcmut.png  used on input line 180.
(pdftex.def)             Requested size: 28.44864pt x 27.20943pt.
 [51]) (./generated/vi/5_Workshop_5_3_Infrastructure.tex
Overfull \hbox (767.70728pt too wide) in paragraph at lines 15--15
[]\T5/cmtt/m/n/10 VPC & Network $\rightarrow$ Security Groups $\rightarrow$ RDS
 Aurora $\rightarrow$ ECR $\rightarrow$ ECS Cluster $\rightarrow$ IAM Roles $\r
ightarrow$ CloudWatch Logs $\rightarrow$ Task Definitions $\rightarrow$ EventBr
idge Scheduler[] 
 []

LaTeX Font Info:    Font shape `T5/cmtt/bx/n' in size <12> not available
(Font)              Font shape `T5/cmtt/m/n' tried instead on input line 19.
File: Images/hcmut.png Graphic file (type png)
<use Images/hcmut.png>
Package pdftex.def Info: Images/hcmut.png  used on input line 36.
(pdftex.def)             Requested size: 28.44864pt x 27.20943pt.
[52]
Underfull \hbox (badness 5008) in paragraph at lines 41--46
[]\T5/ptm/b/n/10 L˜u ˛ quan trÂng: \T5/ptm/m/n/10 - \T5/cmtt/m/n/10 db.t4g.medi
um \T5/ptm/m/n/10 = 2 ACU (Au-rora Ca-pac-ity Units) ~ $15-20/th°ng -
 []

File: Images/hcmut.png Graphic file (type png)
<use Images/hcmut.png>
Package pdftex.def Info: Images/hcmut.png  used on input line 163.
(pdftex.def)             Requested size: 28.44864pt x 27.20943pt.
[53]
Underfull \hbox (badness 10000) in paragraph at lines 201--207
[]\T5/ptm/m/n/10 Sau \T5/cmtt/m/n/10 terraform apply\T5/ptm/m/n/10 , dÚng out-p
uts ^^_∫: - K∏t nËi database: \T5/cmtt/m/n/10 psql
 []


Underfull \hbox (badness 2529) in paragraph at lines 225--231
[]\T5/ptm/m/n/10 File \T5/cmtt/m/n/10 database/warehouse.sql \T5/ptm/m/n/10 t§o
: - \T5/ptm/b/n/10 Di-men-sion Ta-bles\T5/ptm/m/n/10 : \T5/cmtt/m/n/10 dim_sour
ce\T5/ptm/m/n/10 , \T5/cmtt/m/n/10 dim_time\T5/ptm/m/n/10 , \T5/cmtt/m/n/10 dim
_content\T5/ptm/m/n/10 ,
 []


pdfTeX warning (ext4): destination with the same identifier (name{ux1b0ux1edbc-
lux1b0ux1ee3ng-chi-phuxed-huxe0ng-thuxe1ng-ap-southeast-\ETC.}) has been alread
y used, duplicate ignored
<to be read again> 
                   \relax 
l.240 ap-southeast-2)}}
                       
File: Images/hcmut.png Graphic file (type png)
<use Images/hcmut.png>
Package pdftex.def Info: Images/hcmut.png  used on input line 266.
(pdftex.def)             Requested size: 28.44864pt x 27.20943pt.
 [54]) (./generated/vi/5_Workshop_5_4_Local_Dev.tex
File: Images/hcmut.png Graphic file (type png)
<use Images/hcmut.png>
Package pdftex.def Info: Images/hcmut.png  used on input line 52.
(pdftex.def)             Requested size: 28.44864pt x 27.20943pt.

[55]
File: Images/hcmut.png Graphic file (type png)
<use Images/hcmut.png>
Package pdftex.def Info: Images/hcmut.png  used on input line 142.
(pdftex.def)             Requested size: 28.44864pt x 27.20943pt.
 [56]
File: Images/hcmut.png Graphic file (type png)
<use Images/hcmut.png>
Package pdftex.def Info: Images/hcmut.png  used on input line 241.
(pdftex.def)             Requested size: 28.44864pt x 27.20943pt.
 [57]
Overfull \hbox (48.63287pt too wide) in paragraph at lines 287--287
[]\T5/cmtt/m/n/10 4. X°c minh DB: psql -h localhost -U postgres -d newsrag -c "
SELECT * FROM fact_chunks LIMIT 5;"[] 
 []

) (./generated/vi/5_Workshop_5_5_Crawler.tex
pdfTeX warning (ext4): destination with the same identifier (name{cux1ea5u-trux
fac-dux1ef1-uxe1n}) has been already used, duplicate ignored
<to be read again> 
                   \relax 
l.20 \subsection{C·∫•u tr√∫c d·ª± √°n}}
                                       
File: Images/hcmut.png Graphic file (type png)
<use Images/hcmut.png>
Package pdftex.def Info: Images/hcmut.png  used on input line 31.
(pdftex.def)             Requested size: 28.44864pt x 27.20943pt.
 [58]
Overfull \hbox (32.88672pt too wide) in paragraph at lines 91--91
[]\T5/cmtt/m/n/10 2024-01-15 10:30:46 [INFO] Crawling VnExpress sitemap: https:
//vnexpress.net/sitemap_news.xml[] 
 []

File: Images/hcmut.png Graphic file (type png)
<use Images/hcmut.png>
Package pdftex.def Info: Images/hcmut.png  used on input line 115.
(pdftex.def)             Requested size: 28.44864pt x 27.20943pt.
[59]
pdfTeX warning (ext4): destination with the same identifier (name{bux1b0ux1edbc
-tiux1ebfp-theo}) has been already used, duplicate ignored
<to be read again> 
                   \relax 
l.194 \subsection{B∆∞·ªõc ti·∫øp theo}}
                                       )
LaTeX Info: Symbol \textrightarrow not provided by
            font family ptm in TS1 encoding.
            Default family used instead on input line 84.

(./generated/vi/5_Workshop_5_6_Ingestion.tex
File: Images/hcmut.png Graphic file (type png)
<use Images/hcmut.png>
Package pdftex.def Info: Images/hcmut.png  used on input line 23.
(pdftex.def)             Requested size: 28.44864pt x 27.20943pt.
 [60]
pdfTeX warning (ext4): destination with the same identifier (name{xux1eed-luxfd
-sux1ef1-cux1ed1}) has been already used, duplicate ignored
<to be read again> 
                   \relax 
l.67 \subsection{X·ª≠ l√Ω s·ª± c·ªë}}
                                     
pdfTeX warning (ext4): destination with the same identifier (name{bux1b0ux1edbc
-tiux1ebfp-theo}) has been already used, duplicate ignored
<to be read again> 
                   \relax 
l.100 \subsection{B∆∞·ªõc ti·∫øp theo}}
                                       ) (./generated/vi/5_Workshop_5_7_ETL.tex
File: Images/hcmut.png Graphic file (type png)
<use Images/hcmut.png>
Package pdftex.def Info: Images/hcmut.png  used on input line 10.
(pdftex.def)             Requested size: 28.44864pt x 27.20943pt.
[61]
File: Images/hcmut.png Graphic file (type png)
<use Images/hcmut.png>
Package pdftex.def Info: Images/hcmut.png  used on input line 94.
(pdftex.def)             Requested size: 28.44864pt x 27.20943pt.
 [62]
pdfTeX warning (ext4): destination with the same identifier (name{aws-lambda-ve
rsion-production}) has been already used, duplicate ignored
<to be read again> 
                   \relax 
l.140 (Production)}}
                    )
LaTeX Info: Symbol \textrightarrow not provided by
            font family ptm in TS1 encoding.
            Default family used instead on input line 90.
 (./generated/vi/5_Workshop_5_8_Vectorize.tex
pdfTeX warning (ext4): destination with the same identifier (name{kiux1ebfn-tru
xfac}) has been already used, duplicate ignored
<to be read again> 
                   \relax 
l.9 \subsection{Ki·∫øn tr√∫c}}
                              
File: Images/hcmut.png Graphic file (type png)
<use Images/hcmut.png>
Package pdftex.def Info: Images/hcmut.png  used on input line 37.
(pdftex.def)             Requested size: 28.44864pt x 27.20943pt.
 [63]
Underfull \hbox (badness 10000) in paragraph at lines 123--126
[]\T5/ptm/b/n/10 Critical: \T5/ptm/m/n/10 ETL v† RAG API \T5/ptm/b/n/10 b≠t buÎ
c dÚng cÚng mÎt em-bed-ding model
 []

File: Images/hcmut.png Graphic file (type png)
<use Images/hcmut.png>
Package pdftex.def Info: Images/hcmut.png  used on input line 142.
(pdftex.def)             Requested size: 28.44864pt x 27.20943pt.
[64]
pdfTeX warning (ext4): destination with the same identifier (name{xux1eed-luxfd
-sux1ef1-cux1ed1}) has been already used, duplicate ignored
<to be read again> 
                   \relax 
l.145 \subsection{X·ª≠ l√Ω s·ª± c·ªë}}
                                      
pdfTeX warning (ext4): destination with the same identifier (name{bux1b0ux1edbc
-tiux1ebfp-theo}) has been already used, duplicate ignored
<to be read again> 
                   \relax 
l.177 \subsection{B∆∞·ªõc ti·∫øp theo}}
                                       )
(./generated/vi/5_Workshop_5_9_AWS_Deploy.tex
pdfTeX warning (ext4): destination with the same identifier (name{ux111iux1ec1u
-kiux1ec7n-tiuxean-quyux1ebft}) has been already used, duplicate ignored
<to be read again> 
                   \relax 
l.10 quy·∫øt}}
              
File: Images/hcmut.png Graphic file (type png)
<use Images/hcmut.png>
Package pdftex.def Info: Images/hcmut.png  used on input line 57.
(pdftex.def)             Requested size: 28.44864pt x 27.20943pt.
 [65]
pdfTeX warning (ext4): destination with the same identifier (name{bux1b0ux1edbc
-tiux1ebfp-theo}) has been already used, duplicate ignored
<to be read again> 
                   \relax 
l.144 \subsection{B∆∞·ªõc ti·∫øp theo}}
                                       
File: Images/hcmut.png Graphic file (type png)
<use Images/hcmut.png>
Package pdftex.def Info: Images/hcmut.png  used on input line 153.
(pdftex.def)             Requested size: 28.44864pt x 27.20943pt.
 [66])
(./generated/vi/5_Workshop_5_10_Fargate_Crawler.tex
pdfTeX warning (ext4): destination with the same identifier (name{kiux1ebfn-tru
xfac}) has been already used, duplicate ignored
<to be read again> 
                   \relax 
l.9 \subsection{Ki·∫øn tr√∫c}}
                              
File: Images/hcmut.png Graphic file (type png)
<use Images/hcmut.png>
Package pdftex.def Info: Images/hcmut.png  used on input line 82.
(pdftex.def)             Requested size: 28.44864pt x 27.20943pt.
 [67]
Underfull \hbox (badness 7291) in paragraph at lines 118--123
\T5/ptm/m/n/10 T§o dash-board vÓi: - \T5/cmtt/m/n/10 ECS/TaskCount \T5/ptm/m/n/
10 (Run-ning, Pend-ing, Stopped) - \T5/cmtt/m/n/10 ECS/CPUUtilization \T5/ptm/m
/n/10 (per
 []


Underfull \hbox (badness 10000) in paragraph at lines 118--123
\T5/ptm/m/n/10 task) - \T5/cmtt/m/n/10 ECS/MemoryUtilization \T5/ptm/m/n/10 (pe
r task) - \T5/cmtt/m/n/10 SQS/NumberOfMessagesSent \T5/ptm/m/n/10 (news_raw que
ue) -
 []


pdfTeX warning (ext4): destination with the same identifier (name{bux1b0ux1edbc
-tiux1ebfp-theo}) has been already used, duplicate ignored
<to be read again> 
                   \relax 
l.184 \subsection{B∆∞·ªõc ti·∫øp theo}}
                                       
File: Images/hcmut.png Graphic file (type png)
<use Images/hcmut.png>
Package pdftex.def Info: Images/hcmut.png  used on input line 184.
(pdftex.def)             Requested size: 28.44864pt x 27.20943pt.
 [68])
LaTeX Info: Symbol \textrightarrow not provided by
            font family ptm in TS1 encoding.
            Default family used instead on input line 99.

(./generated/vi/5_Workshop_5_11_Lambda_Consumer.tex
pdfTeX warning (ext4): destination with the same identifier (name{kiux1ebfn-tru
xfac}) has been already used, duplicate ignored
<to be read again> 
                   \relax 
l.10 \subsection{Ki·∫øn tr√∫c}}
                               
pdfTeX warning (ext4): destination with the same identifier (name{requirements.
txt}) has been already used, duplicate ignored
<to be read again> 
                   \relax 
l.35 \subsubsection{requirements.txt}}
                                      
File: Images/hcmut.png Graphic file (type png)
<use Images/hcmut.png>
Package pdftex.def Info: Images/hcmut.png  used on input line 84.
(pdftex.def)             Requested size: 28.44864pt x 27.20943pt.
 [69]
File: Images/hcmut.png Graphic file (type png)
<use Images/hcmut.png>
Package pdftex.def Info: Images/hcmut.png  used on input line 172.
(pdftex.def)             Requested size: 28.44864pt x 27.20943pt.
 [70])
(./generated/vi/5_Workshop_5_12_Lambda_ETL.tex
pdfTeX warning (ext4): destination with the same identifier (name{kiux1ebfn-tru
xfac}) has been already used, duplicate ignored
<to be read again> 
                   \relax 
l.10 \subsection{Ki·∫øn tr√∫c}}
                               
File: Images/hcmut.png Graphic file (type png)
<use Images/hcmut.png>
Package pdftex.def Info: Images/hcmut.png  used on input line 49.
(pdftex.def)             Requested size: 28.44864pt x 27.20943pt.
 [71]
pdfTeX warning (ext4): destination with the same identifier (name{lambda-functi
on-code}) has been already used, duplicate ignored
<to be read again> 
                   \relax 
l.53 \subsection{Lambda Function Code}}
                                       
pdfTeX warning (ext4): destination with the same identifier (name{cux1ea5u-trux
fac-file}) has been already used, duplicate ignored
<to be read again> 
                   \relax 
l.56 \subsubsection{C·∫•u tr√∫c file}}
                                      
pdfTeX warning (ext4): destination with the same identifier (name{lambda_functi
on.py}) has been already used, duplicate ignored
<to be read again> 
                   \relax 
l.73 \subsubsection{lambda\_function.py}}
                                         
pdfTeX warning (ext4): destination with the same identifier (name{requirements.
txt}) has been already used, duplicate ignored
<to be read again> 
                   \relax 
l.79 \subsubsection{requirements.txt}}
                                      
pdfTeX warning (ext4): destination with the same identifier (name{terraform-dep
loyment}) has been already used, duplicate ignored
<to be read again> 
                   \relax 
l.90 \subsection{Terraform Deployment}}
                                       
pdfTeX warning (ext4): destination with the same identifier (name{verify-in-dat
abase}) has been already used, duplicate ignored
<to be read again> 
                   \relax 
l.122 \subsubsection{3. Verify in Database}}
                                            
pdfTeX warning (ext4): destination with the same identifier (name{cloudwatch-me
trics}) has been already used, duplicate ignored
<to be read again> 
                   \relax 
l.131 \subsubsection{CloudWatch Metrics}}
                                         
File: Images/hcmut.png Graphic file (type png)
<use Images/hcmut.png>
Package pdftex.def Info: Images/hcmut.png  used on input line 148.
(pdftex.def)             Requested size: 28.44864pt x 27.20943pt.
 [72])
(./generated/vi/5_Workshop_5_13_RAG_API.tex
pdfTeX warning (ext4): destination with the same identifier (name{kiux1ebfn-tru
xfac}) has been already used, duplicate ignored
<to be read again> 
                   \relax 
l.10 \subsection{Ki·∫øn tr√∫c}}
                               
pdfTeX warning (ext4): destination with the same identifier (name{lambda-functi
on-code}) has been already used, duplicate ignored
<to be read again> 
                   \relax 
l.42 \subsection{Lambda Function Code}}
                                       
pdfTeX warning (ext4): destination with the same identifier (name{cux1ea5u-trux
fac-file}) has been already used, duplicate ignored
<to be read again> 
                   \relax 
l.45 \subsubsection{C·∫•u tr√∫c file}}
                                      
File: Images/hcmut.png Graphic file (type png)
<use Images/hcmut.png>
Package pdftex.def Info: Images/hcmut.png  used on input line 55.
(pdftex.def)             Requested size: 28.44864pt x 27.20943pt.
 [73]
pdfTeX warning (ext4): destination with the same identifier (name{lambda_functi
on.py}) has been already used, duplicate ignored
<to be read again> 
                   \relax 
l.76 \subsubsection{lambda\_function.py}}
                                         
pdfTeX warning (ext4): destination with the same identifier (name{requirements.
txt}) has been already used, duplicate ignored
<to be read again> 
                   \relax 
l.82 \subsubsection{requirements.txt}}
                                      
pdfTeX warning (ext4): destination with the same identifier (name{terraform-dep
loyment}) has been already used, duplicate ignored
<to be read again> 
                   \relax 
l.95 \subsection{Terraform Deployment}}
                                       
File: Images/hcmut.png Graphic file (type png)
<use Images/hcmut.png>
Package pdftex.def Info: Images/hcmut.png  used on input line 135.
(pdftex.def)             Requested size: 28.44864pt x 27.20943pt.
 [74]
pdfTeX warning (ext4): destination with the same identifier (name{monitoring}) 
has been already used, duplicate ignored
<to be read again> 
                   \relax 
l.155 \subsection{Monitoring}}
                              
pdfTeX warning (ext4): destination with the same identifier (name{cloudwatch-lo
gs}) has been already used, duplicate ignored
<to be read again> 
                   \relax 
l.158 \subsubsection{CloudWatch Logs}}
                                      
pdfTeX warning (ext4): destination with the same identifier (name{next-steps}) 
has been already used, duplicate ignored
<to be read again> 
                   \relax 
l.213 \subsection{Next Steps}}
                              ) (./generated/vi/5_Workshop_5_14_Frontend.tex
pdfTeX warning (ext4): destination with the same identifier (name{kiux1ebfn-tru
xfac}) has been already used, duplicate ignored
<to be read again> 
                   \relax 
l.9 \subsection{Ki·∫øn tr√∫c}}
                              
pdfTeX warning (ext4): destination with the same identifier (name{cux1ea5u-trux
fac-dux1ef1-uxe1n}) has been already used, duplicate ignored
<to be read again> 
                   \relax 
l.15 \subsection{C·∫•u tr√∫c d·ª± √°n}}
                                       
File: Images/hcmut.png Graphic file (type png)
<use Images/hcmut.png>
Package pdftex.def Info: Images/hcmut.png  used on input line 15.
(pdftex.def)             Requested size: 28.44864pt x 27.20943pt.
 [75]
File: Images/hcmut.png Graphic file (type png)
<use Images/hcmut.png>
Package pdftex.def Info: Images/hcmut.png  used on input line 126.
(pdftex.def)             Requested size: 28.44864pt x 27.20943pt.
 [76]
pdfTeX warning (ext4): destination with the same identifier (name{bux1b0ux1edbc
-tiux1ebfp-theo}) has been already used, duplicate ignored
<to be read again> 
                   \relax 
l.130 \subsection{B∆∞·ªõc ti·∫øp theo}}
                                       )
(./generated/vi/5_Workshop_5_15_Testing.tex
File: Images/hcmut.png Graphic file (type png)
<use Images/hcmut.png>
Package pdftex.def Info: Images/hcmut.png  used on input line 67.
(pdftex.def)             Requested size: 28.44864pt x 27.20943pt.
 [77]
File: Images/hcmut.png Graphic file (type png)
<use Images/hcmut.png>
Package pdftex.def Info: Images/hcmut.png  used on input line 188.
(pdftex.def)             Requested size: 28.44864pt x 27.20943pt.
 [78]
File: Images/hcmut.png Graphic file (type png)
<use Images/hcmut.png>
Package pdftex.def Info: Images/hcmut.png  used on input line 278.
(pdftex.def)             Requested size: 28.44864pt x 27.20943pt.
 [79])
(./generated/vi/5_Workshop_5_16_Cost.tex
File: Images/hcmut.png Graphic file (type png)
<use Images/hcmut.png>
Package pdftex.def Info: Images/hcmut.png  used on input line 97.
(pdftex.def)             Requested size: 28.44864pt x 27.20943pt.
 [80]
File: Images/hcmut.png Graphic file (type png)
<use Images/hcmut.png>
Package pdftex.def Info: Images/hcmut.png  used on input line 204.
(pdftex.def)             Requested size: 28.44864pt x 27.20943pt.
 [81])
(./generated/vi/5_Workshop_5_17_Cleanup.tex
File: Images/hcmut.png Graphic file (type png)
<use Images/hcmut.png>
Package pdftex.def Info: Images/hcmut.png  used on input line 51.
(pdftex.def)             Requested size: 28.44864pt x 27.20943pt.
 [82]
File: Images/hcmut.png Graphic file (type png)
<use Images/hcmut.png>
Package pdftex.def Info: Images/hcmut.png  used on input line 142.
(pdftex.def)             Requested size: 28.44864pt x 27.20943pt.
 [83]
pdfTeX warning (ext4): destination with the same identifier (name{vux1ea5n-ux11
1ux1ec1-thux1b0ux1eddng-gux1eb7p}) has been already used, duplicate ignored
<to be read again> 
                   \relax 
l.207 g·∫∑p}}
             
File: Images/hcmut.png Graphic file (type png)
<use Images/hcmut.png>
Package pdftex.def Info: Images/hcmut.png  used on input line 277.
(pdftex.def)             Requested size: 28.44864pt x 27.20943pt.
 [84])
File: Images/hcmut.png Graphic file (type png)
<use Images/hcmut.png>
Package pdftex.def Info: Images/hcmut.png  used on input line 120.
(pdftex.def)             Requested size: 28.44864pt x 27.20943pt.
 [85] (./generated/vi/6_Self_evaluation.tex
Overfull \hbox (7.3243pt too wide) in paragraph at lines 32--33
[]\T5/ptm/m/n/9 STT  
 []


Overfull \hbox (3.1843pt too wide) in paragraph at lines 38--39
[]\T5/ptm/m/n/9 TËt  
 []


Overfull \hbox (6.48732pt too wide) in paragraph at lines 40--41
[]\T5/ptm/m/n/9 Kh°  
 []

)
File: Images/hcmut.png Graphic file (type png)
<use Images/hcmut.png>
Package pdftex.def Info: Images/hcmut.png  used on input line 126.
(pdftex.def)             Requested size: 28.44864pt x 27.20943pt.
 [86] (./generated/vi/7_Feedback.tex)
File: Images/hcmut.png Graphic file (type png)
<use Images/hcmut.png>
Package pdftex.def Info: Images/hcmut.png  used on input line 132.
(pdftex.def)             Requested size: 28.44864pt x 27.20943pt.
 [87]) (./TongKet.tex)

Package caption Warning: Unused \captionsetup[table] on input line 163.
See the caption package documentation for explanation.

File: Images/hcmut.png Graphic file (type png)
<use Images/hcmut.png>
Package pdftex.def Info: Images/hcmut.png  used on input line 253.
(pdftex.def)             Requested size: 28.44864pt x 27.20943pt.
[88] 
enddocument/afterlastpage: lastpage setting LastPage.
(./main.aux)
 ***********
LaTeX2e <2023-11-01> patch level 1
L3 programming layer <2024-01-22>
 ***********
Package rerunfilecheck Info: File `main.out' has not changed.
(rerunfilecheck)             Checksum: 91FF0B7638FA03F3A4066360D4964E86;94764.
 ) 
Here is how much of TeX's memory you used:
 31457 strings out of 475670
 597993 string characters out of 5784921
 1956975 words of memory out of 5000000
 51919 multiletter control sequences out of 15000+600000
 628939 words of font info for 153 fonts, out of 8000000 for 9000
 264 hyphenation exceptions out of 8191
 104i,25n,115p,697b,706s stack positions out of 10000i,1000n,20000p,200000b,200000s
 </home/kar/.texlive2023/texmf-var/fonts/pk/ljfour/jknappen/ec/tcrb1000.600pk
> </home/kar/.texlive2023/texmf-var/fonts/pk/ljfour/jknappen/ec/tcit0900.600pk>
 </home/kar/.texlive2023/texmf-var/fonts/pk/ljfour/jknappen/ec/tctt0900.600pk> 
</home/kar/.texlive2023/texmf-var/fonts/pk/ljfour/jknappen/ec/tcrm1000.600pk></
usr/share/texlive/texmf-dist/fonts/type1/public/amsfonts/cm/cmsy10.pfb></usr/sh
are/texlive/texmf-dist/fonts/type1/public/amsfonts/symbols/msam10.pfb></usr/sha
re/texlive/texmf-dist/fonts/type1/vntex/urwvn/utmb8v.pfb></usr/share/texlive/te
xmf-dist/fonts/type1/urw/times/utmr8a.pfb></usr/share/texlive/texmf-dist/fonts/
type1/vntex/urwvn/utmr8v.pfb></usr/share/texlive/texmf-dist/fonts/type1/vntex/u
rwvn/utmri8v.pfb></usr/share/texlive/texmf-dist/fonts/type1/vntex/vnr/vnitt10.p
fb></usr/share/texlive/texmf-dist/fonts/type1/vntex/vnr/vntt10.pfb></usr/share/
texlive/texmf-dist/fonts/type1/vntex/vnr/vntt12.pfb></usr/share/texlive/texmf-d
ist/fonts/type1/vntex/vnr/vntt9.pfb>
Output written on main.pdf (89 pages, 7468718 bytes).
PDF statistics:
 3469 PDF objects out of 3580 (max. 8388607)
 3273 compressed objects within 33 object streams
 952 named destinations out of 1000 (max. 500000)
 3560 words of extra memory for PDF output out of 10000 (max. 10000000)

